{
    "primes": {
        "E2F1_medium": [
            [
                {
                    "CHEK1_2_high": 1, 
                    "RAS": 1, 
                    "ATM_high": 1
                }, 
                {
                    "E2F3_medium": 0, 
                    "CHEK1_2_high": 1, 
                    "ATM_high": 1
                }, 
                {
                    "CHEK1_2_high": 1, 
                    "E2F3_high": 1, 
                    "ATM_high": 1
                }, 
                {
                    "E2F3_medium": 0, 
                    "RAS": 0
                }, 
                {
                    "RBL2": 1
                }, 
                {
                    "RB1": 1
                }
            ], 
            [
                {
                    "E2F3_medium": 1, 
                    "RBL2": 0, 
                    "RAS": 0, 
                    "E2F3_high": 0, 
                    "RB1": 0
                }, 
                {
                    "CHEK1_2_high": 0, 
                    "RAS": 1, 
                    "RBL2": 0, 
                    "RB1": 0
                }, 
                {
                    "E2F3_medium": 1, 
                    "CHEK1_2_high": 0, 
                    "RBL2": 0, 
                    "RB1": 0
                }, 
                {
                    "RB1": 0, 
                    "RAS": 1, 
                    "RBL2": 0, 
                    "ATM_high": 0
                }, 
                {
                    "E2F3_medium": 1, 
                    "RBL2": 0, 
                    "RB1": 0, 
                    "ATM_high": 0
                }
            ]
        ], 
        "EGFR": [
            [
                {
                    "SPRY": 0, 
                    "EGFR_stimulus": 0
                }, 
                {
                    "GRB2": 1
                }, 
                {
                    "FGFR3": 1
                }
            ], 
            [
                {
                    "GRB2": 0, 
                    "FGFR3": 0, 
                    "SPRY": 1
                }, 
                {
                    "GRB2": 0, 
                    "FGFR3": 0, 
                    "EGFR_stimulus": 1
                }
            ]
        ], 
        "E2F3_high": [
            [
                {
                    "RB1": 1
                }, 
                {
                    "RAS": 0
                }, 
                {
                    "E2F3_medium": 0
                }, 
                {
                    "CHEK1_2_high": 0
                }
            ], 
            [
                {
                    "E2F3_medium": 1, 
                    "CHEK1_2_high": 1, 
                    "RAS": 1, 
                    "RB1": 0
                }
            ]
        ], 
        "AKT": [
            [
                {
                    "PI3K": 0
                }
            ], 
            [
                {
                    "PI3K": 1
                }
            ]
        ], 
        "ATM_medium": [
            [
                {}
            ], 
            []
        ], 
        "CyclinE1": [
            [
                {
                    "E2F3_medium": 0, 
                    "E2F1_medium": 0
                }, 
                {
                    "p21CIP": 1
                }, 
                {
                    "RBL2": 1
                }, 
                {
                    "CDC25A": 0
                }
            ], 
            [
                {
                    "E2F3_medium": 1, 
                    "CDC25A": 1, 
                    "RBL2": 0, 
                    "p21CIP": 0
                }, 
                {
                    "CDC25A": 1, 
                    "p21CIP": 0, 
                    "RBL2": 0, 
                    "E2F1_medium": 1
                }
            ]
        ], 
        "p14ARF": [
            [
                {
                    "E2F1_medium": 0
                }
            ], 
            [
                {
                    "E2F1_medium": 1
                }
            ]
        ], 
        "CyclinA": [
            [
                {
                    "E2F3_medium": 0, 
                    "E2F1_medium": 0
                }, 
                {
                    "p21CIP": 1
                }, 
                {
                    "RBL2": 1
                }, 
                {
                    "CDC25A": 0
                }
            ], 
            [
                {
                    "E2F3_medium": 1, 
                    "CDC25A": 1, 
                    "RBL2": 0, 
                    "p21CIP": 0
                }, 
                {
                    "CDC25A": 1, 
                    "p21CIP": 0, 
                    "RBL2": 0, 
                    "E2F1_medium": 1
                }
            ]
        ], 
        "Proliferation": [
            [
                {
                    "CyclinA": 0, 
                    "CyclinE1": 0
                }
            ], 
            [
                {
                    "CyclinE1": 1
                }, 
                {
                    "CyclinA": 1
                }
            ]
        ], 
        "PTEN": [
            [
                {
                    "TP53": 0
                }
            ], 
            [
                {
                    "TP53": 1
                }
            ]
        ], 
        "Apoptosis_medium": [
            [
                {
                    "TP53": 0
                }, 
                {
                    "E2F1_high": 1
                }
            ], 
            [
                {
                    "TP53": 1, 
                    "E2F1_high": 0
                }
            ]
        ], 
        "p21CIP": [
            [
                {
                    "TP53": 0, 
                    "Growth_inhibitors": 0
                }, 
                {
                    "CyclinE1": 1
                }, 
                {
                    "AKT": 1
                }
            ], 
            [
                {
                    "CyclinE1": 0, 
                    "TP53": 1, 
                    "AKT": 0
                }, 
                {
                    "CyclinE1": 0, 
                    "Growth_inhibitors": 1, 
                    "AKT": 0
                }
            ]
        ], 
        "RB1": [
            [
                {
                    "p16INK4a": 1
                }, 
                {
                    "CyclinE1": 1
                }, 
                {
                    "CyclinD1": 1
                }, 
                {
                    "CyclinA": 1
                }
            ], 
            [
                {
                    "CyclinD1": 0, 
                    "p16INK4a": 0, 
                    "CyclinA": 0, 
                    "CyclinE1": 0
                }
            ]
        ], 
        "RAS": [
            [
                {
                    "GRB2": 0, 
                    "EGFR": 0, 
                    "FGFR3": 0
                }
            ], 
            [
                {
                    "GRB2": 1
                }, 
                {
                    "FGFR3": 1
                }, 
                {
                    "EGFR": 1
                }
            ]
        ], 
        "CHEK1_2_medium": [
            [
                {
                    "E2F1_medium": 1
                }, 
                {
                    "ATM_medium": 0
                }
            ], 
            [
                {
                    "ATM_medium": 1, 
                    "E2F1_medium": 0
                }
            ]
        ], 
        "Growth_inhibitors": [
            [
                {
                    "Growth_inhibitors": 0
                }
            ], 
            [
                {
                    "Growth_inhibitors": 1
                }
            ]
        ], 
        "RBL2": [
            [
                {
                    "CyclinE1": 1
                }, 
                {
                    "CyclinD1": 1
                }
            ], 
            [
                {
                    "CyclinD1": 0, 
                    "CyclinE1": 0
                }
            ]
        ], 
        "PI3K": [
            [
                {
                    "RAS": 0
                }, 
                {
                    "PTEN": 1
                }, 
                {
                    "GRB2": 0
                }
            ], 
            [
                {
                    "PTEN": 0, 
                    "GRB2": 1, 
                    "RAS": 1
                }
            ]
        ], 
        "Apoptosis_high": [
            [
                {
                    "E2F1_high": 0
                }, 
                {
                    "Apoptosis_medium": 0
                }
            ], 
            [
                {
                    "Apoptosis_medium": 1, 
                    "E2F1_high": 1
                }
            ]
        ], 
        "CDC25A": [
            [
                {
                    "E2F3_medium": 0, 
                    "E2F1_medium": 0
                }, 
                {
                    "RBL2": 1
                }, 
                {
                    "CHEK1_2_medium": 1
                }
            ], 
            [
                {
                    "E2F3_medium": 1, 
                    "RBL2": 0, 
                    "CHEK1_2_medium": 0
                }, 
                {
                    "E2F1_medium": 1, 
                    "RBL2": 0, 
                    "CHEK1_2_medium": 0
                }
            ]
        ], 
        "CHEK1_2_high": [
            [
                {
                    "E2F1_medium": 0
                }, 
                {
                    "CHEK1_2_medium": 0
                }, 
                {
                    "ATM_medium": 0
                }
            ], 
            [
                {
                    "ATM_medium": 1, 
                    "E2F1_medium": 1, 
                    "CHEK1_2_medium": 1
                }
            ]
        ], 
        "ATM_high": [
            [
                {}
            ], 
            []
        ], 
        "CyclinD1": [
            [
                {
                    "RAS": 0, 
                    "AKT": 0
                }, 
                {
                    "p21CIP": 1
                }, 
                {
                    "p16INK4a": 1
                }
            ], 
            [
                {
                    "p16INK4a": 0, 
                    "RAS": 1, 
                    "p21CIP": 0
                }, 
                {
                    "p16INK4a": 0, 
                    "p21CIP": 0, 
                    "AKT": 1
                }
            ]
        ], 
        "MDM2": [
            [
                {
                    "TP53": 0, 
                    "AKT": 0
                }, 
                {
                    "p14ARF": 1
                }, 
                {
                    "RB1": 1
                }, 
                {
                    "ATM_medium": 1
                }
            ], 
            [
                {
                    "ATM_medium": 0, 
                    "p14ARF": 0, 
                    "TP53": 1, 
                    "RB1": 0
                }, 
                {
                    "ATM_medium": 0, 
                    "p14ARF": 0, 
                    "RB1": 0, 
                    "AKT": 1
                }
            ]
        ], 
        "FGFR3": [
            [
                {
                    "GRB2": 1
                }, 
                {
                    "FGFR3_stimulus": 0
                }, 
                {
                    "EGFR": 1
                }
            ], 
            [
                {
                    "GRB2": 0, 
                    "EGFR": 0, 
                    "FGFR3_stimulus": 1
                }
            ]
        ], 
        "p16INK4a": [
            [
                {
                    "RB1": 1
                }, 
                {
                    "Growth_inhibitors": 0
                }
            ], 
            [
                {
                    "Growth_inhibitors": 1, 
                    "RB1": 0
                }
            ]
        ], 
        "TP53": [
            [
                {
                    "E2F1_high": 0, 
                    "CHEK1_2_medium": 0
                }, 
                {
                    "ATM_medium": 0, 
                    "E2F1_high": 0
                }, 
                {
                    "MDM2": 1
                }
            ], 
            [
                {
                    "ATM_medium": 1, 
                    "MDM2": 0, 
                    "CHEK1_2_medium": 1
                }, 
                {
                    "MDM2": 0, 
                    "E2F1_high": 1
                }
            ]
        ], 
        "FGFR3_stimulus": [
            [
                {
                    "FGFR3_stimulus": 0
                }
            ], 
            [
                {
                    "FGFR3_stimulus": 1
                }
            ]
        ], 
        "SPRY": [
            [
                {
                    "RAS": 0
                }
            ], 
            [
                {
                    "RAS": 1
                }
            ]
        ], 
        "E2F3_medium": [
            [
                {
                    "RB1": 1
                }, 
                {
                    "RAS": 0
                }, 
                {
                    "CHEK1_2_high": 1
                }
            ], 
            [
                {
                    "CHEK1_2_high": 0, 
                    "RAS": 1, 
                    "RB1": 0
                }
            ]
        ], 
        "GRB2": [
            [
                {
                    "EGFR": 0, 
                    "SPRY": 1
                }, 
                {
                    "GRB2": 1, 
                    "EGFR": 0
                }, 
                {
                    "EGFR": 0, 
                    "FGFR3": 0
                }
            ], 
            [
                {
                    "GRB2": 0, 
                    "FGFR3": 1, 
                    "SPRY": 0
                }, 
                {
                    "EGFR": 1
                }
            ]
        ], 
        "E2F1_high": [
            [
                {
                    "RAS": 0, 
                    "E2F3_high": 0
                }, 
                {
                    "RBL2": 1
                }, 
                {
                    "RB1": 1
                }, 
                {
                    "E2F1_medium": 0
                }, 
                {
                    "CHEK1_2_high": 0
                }, 
                {
                    "ATM_high": 0
                }
            ], 
            [
                {
                    "CHEK1_2_high": 1, 
                    "RAS": 1, 
                    "RBL2": 0, 
                    "E2F1_medium": 1, 
                    "ATM_high": 1, 
                    "RB1": 0
                }, 
                {
                    "CHEK1_2_high": 1, 
                    "RB1": 0, 
                    "RBL2": 0, 
                    "E2F1_medium": 1, 
                    "ATM_high": 1, 
                    "E2F3_high": 1
                }
            ]
        ], 
        "EGFR_stimulus": [
            [
                {
                    "EGFR_stimulus": 0
                }
            ], 
            [
                {
                    "EGFR_stimulus": 1
                }
            ]
        ], 
        "Growth_arrest": [
            [
                {
                    "RBL2": 0, 
                    "RB1": 0, 
                    "p21CIP": 0
                }
            ], 
            [
                {
                    "p21CIP": 1
                }, 
                {
                    "RBL2": 1
                }, 
                {
                    "RB1": 1
                }
            ]
        ]
    }, 
    "update": "asynchronous", 
    "markers": [
        "Proliferation", 
        "Growth_arrest", 
        "Apoptosis_medium", 
        "Apoptosis_high"
    ], 
    "phenotypes": [
        {
            "stateformula": "(AKT&!ATM_high&!ATM_medium&!Apoptosis_high&!Apoptosis_medium&!CDC25A&!CHEK1_2_high&!CHEK1_2_medium&!CyclinA&!CyclinD1&!CyclinE1&!E2F1_high&!E2F1_medium&!E2F3_high&E2F3_medium&!EGFR&EGFR_stimulus&!FGFR3&!FGFR3_stimulus&!GRB2&Growth_arrest&Growth_inhibitors&MDM2&PI3K&!PTEN&!Proliferation&RAS&!RB1&RBL2&SPRY&!TP53&!p14ARF&p16INK4a&p21CIP | !AKT&!ATM_high&!ATM_medium&!Apoptosis_high&!Apoptosis_medium&!CDC25A&!CHEK1_2_high&!CHEK1_2_medium&!CyclinA&!CyclinD1&!CyclinE1&!E2F1_high&!E2F1_medium&!E2F3_high&!E2F3_medium&!EGFR&!EGFR_stimulus&!FGFR3&!FGFR3_stimulus&!GRB2&Growth_arrest&!Growth_inhibitors&!MDM2&!PI3K&!PTEN&!Proliferation&!RAS&RB1&RBL2&!SPRY&!TP53&!p14ARF&!p16INK4a&!p21CIP | !AKT&!ATM_high&!ATM_medium&!Apoptosis_high&!Apoptosis_medium&!CDC25A&!CHEK1_2_high&!CHEK1_2_medium&!CyclinA&!CyclinD1&!CyclinE1&!E2F1_high&!E2F1_medium&!E2F3_high&!E2F3_medium&!EGFR&!EGFR_stimulus&!FGFR3&!FGFR3_stimulus&!GRB2&Growth_arrest&Growth_inhibitors&!MDM2&!PI3K&!PTEN&!Proliferation&!RAS&!RB1&RBL2&!SPRY&!TP53&!p14ARF&p16INK4a&p21CIP | !AKT&!ATM_high&!ATM_medium&!Apoptosis_high&!Apoptosis_medium&!CDC25A&!CHEK1_2_high&!CHEK1_2_medium&!CyclinA&!CyclinD1&!CyclinE1&!E2F1_high&!E2F1_medium&!E2F3_high&!E2F3_medium&!EGFR&!EGFR_stimulus&!FGFR3&!FGFR3_stimulus&!GRB2&Growth_arrest&Growth_inhibitors&!MDM2&!PI3K&!PTEN&!Proliferation&!RAS&RB1&RBL2&!SPRY&!TP53&!p14ARF&!p16INK4a&p21CIP | !AKT&!ATM_high&!ATM_medium&!Apoptosis_high&!Apoptosis_medium&!CDC25A&!CHEK1_2_high&!CHEK1_2_medium&!CyclinA&!CyclinD1&!CyclinE1&!E2F1_high&!E2F1_medium&!E2F3_high&!E2F3_medium&!EGFR&!EGFR_stimulus&FGFR3&FGFR3_stimulus&!GRB2&Growth_arrest&Growth_inhibitors&!MDM2&!PI3K&!PTEN&!Proliferation&RAS&RB1&RBL2&SPRY&!TP53&!p14ARF&!p16INK4a&p21CIP | !AKT&!ATM_high&!ATM_medium&!Apoptosis_high&!Apoptosis_medium&!CDC25A&!CHEK1_2_high&!CHEK1_2_medium&!CyclinA&!CyclinD1&!CyclinE1&!E2F1_high&!E2F1_medium&!E2F3_high&!E2F3_medium&!EGFR&EGFR_stimulus&FGFR3&FGFR3_stimulus&!GRB2&Growth_arrest&Growth_inhibitors&!MDM2&!PI3K&!PTEN&!Proliferation&RAS&RB1&RBL2&SPRY&!TP53&!p14ARF&!p16INK4a&p21CIP | !AKT&!ATM_high&!ATM_medium&!Apoptosis_high&!Apoptosis_medium&!CDC25A&!CHEK1_2_high&!CHEK1_2_medium&!CyclinA&!CyclinD1&!CyclinE1&!E2F1_high&!E2F1_medium&!E2F3_high&E2F3_medium&!EGFR&!EGFR_stimulus&FGFR3&FGFR3_stimulus&!GRB2&Growth_arrest&Growth_inhibitors&!MDM2&!PI3K&!PTEN&!Proliferation&RAS&!RB1&RBL2&SPRY&!TP53&!p14ARF&p16INK4a&p21CIP | !AKT&!ATM_high&!ATM_medium&!Apoptosis_high&!Apoptosis_medium&!CDC25A&!CHEK1_2_high&!CHEK1_2_medium&!CyclinA&!CyclinD1&!CyclinE1&!E2F1_high&!E2F1_medium&!E2F3_high&E2F3_medium&!EGFR&EGFR_stimulus&FGFR3&FGFR3_stimulus&!GRB2&Growth_arrest&Growth_inhibitors&!MDM2&!PI3K&!PTEN&!Proliferation&RAS&!RB1&RBL2&SPRY&!TP53&!p14ARF&p16INK4a&p21CIP)", 
            "oscillating_markers": [], 
            "name": "Pheno A", 
            "activated_markers": [
                "Growth_arrest"
            ], 
            "pattern": "0100", 
            "states": [
                {
                    "is_steady": false, 
                    "prop": "AKT&!ATM_high&!ATM_medium&!Apoptosis_high&!Apoptosis_medium&!CDC25A&!CHEK1_2_high&!CHEK1_2_medium&!CyclinA&!CyclinD1&!CyclinE1&!E2F1_high&!E2F1_medium&!E2F3_high&E2F3_medium&!EGFR&EGFR_stimulus&!FGFR3&!FGFR3_stimulus&!GRB2&Growth_arrest&Growth_inhibitors&MDM2&PI3K&!PTEN&!Proliferation&RAS&!RB1&RBL2&SPRY&!TP53&!p14ARF&p16INK4a&p21CIP", 
                    "dict": {
                        "E2F1_medium": 0, 
                        "EGFR": 0, 
                        "E2F3_high": 0, 
                        "AKT": 1, 
                        "ATM_medium": 0, 
                        "CyclinE1": 0, 
                        "p14ARF": 0, 
                        "CyclinA": 0, 
                        "Proliferation": 0, 
                        "PTEN": 0, 
                        "Apoptosis_medium": 0, 
                        "p21CIP": 1, 
                        "RB1": 0, 
                        "RAS": 1, 
                        "CHEK1_2_medium": 0, 
                        "Growth_inhibitors": 1, 
                        "RBL2": 1, 
                        "PI3K": 1, 
                        "Apoptosis_high": 0, 
                        "CDC25A": 0, 
                        "CHEK1_2_high": 0, 
                        "ATM_high": 0, 
                        "CyclinD1": 0, 
                        "MDM2": 1, 
                        "FGFR3": 0, 
                        "p16INK4a": 1, 
                        "TP53": 0, 
                        "FGFR3_stimulus": 0, 
                        "SPRY": 1, 
                        "E2F3_medium": 1, 
                        "GRB2": 0, 
                        "E2F1_high": 0, 
                        "EGFR_stimulus": 1, 
                        "Growth_arrest": 1
                    }, 
                    "str": "1000000000000010100011110010110011", 
                    "mintrapspace": {
                        "dict": {
                            "RBL2": 1, 
                            "E2F1_medium": 0, 
                            "Apoptosis_high": 0, 
                            "CDC25A": 0, 
                            "p16INK4a": 1, 
                            "E2F3_high": 0, 
                            "CHEK1_2_high": 0, 
                            "ATM_high": 0, 
                            "ATM_medium": 0, 
                            "CyclinD1": 0, 
                            "CyclinE1": 0, 
                            "p14ARF": 0, 
                            "CyclinA": 0, 
                            "Proliferation": 0, 
                            "TP53": 0, 
                            "FGFR3_stimulus": 0, 
                            "Apoptosis_medium": 0, 
                            "RB1": 0, 
                            "FGFR3": 0, 
                            "PTEN": 0, 
                            "Growth_inhibitors": 1, 
                            "EGFR_stimulus": 1, 
                            "CHEK1_2_medium": 0, 
                            "E2F1_high": 0, 
                            "Growth_arrest": 1
                        }, 
                        "str": "-0000000000000--100-11--00-01-001-", 
                        "prop": "!ATM_high&!ATM_medium&!Apoptosis_high&!Apoptosis_medium&!CDC25A&!CHEK1_2_high&!CHEK1_2_medium&!CyclinA&!CyclinD1&!CyclinE1&!E2F1_high&!E2F1_medium&!E2F3_high&EGFR_stimulus&!FGFR3&!FGFR3_stimulus&Growth_arrest&Growth_inhibitors&!PTEN&!Proliferation&!RB1&RBL2&!TP53&!p14ARF&p16INK4a"
                    }, 
                    "is_cyclic": true
                }, 
                {
                    "is_steady": true, 
                    "prop": "!AKT&!ATM_high&!ATM_medium&!Apoptosis_high&!Apoptosis_medium&!CDC25A&!CHEK1_2_high&!CHEK1_2_medium&!CyclinA&!CyclinD1&!CyclinE1&!E2F1_high&!E2F1_medium&!E2F3_high&!E2F3_medium&!EGFR&!EGFR_stimulus&!FGFR3&!FGFR3_stimulus&!GRB2&Growth_arrest&!Growth_inhibitors&!MDM2&!PI3K&!PTEN&!Proliferation&!RAS&RB1&RBL2&!SPRY&!TP53&!p14ARF&!p16INK4a&!p21CIP", 
                    "dict": {
                        "E2F1_medium": 0, 
                        "EGFR": 0, 
                        "E2F3_high": 0, 
                        "AKT": 0, 
                        "ATM_medium": 0, 
                        "CyclinE1": 0, 
                        "p14ARF": 0, 
                        "CyclinA": 0, 
                        "Proliferation": 0, 
                        "PTEN": 0, 
                        "Apoptosis_medium": 0, 
                        "PI3K": 0, 
                        "RB1": 1, 
                        "RAS": 0, 
                        "CHEK1_2_medium": 0, 
                        "Growth_inhibitors": 0, 
                        "RBL2": 1, 
                        "p21CIP": 0, 
                        "Apoptosis_high": 0, 
                        "CDC25A": 0, 
                        "CHEK1_2_high": 0, 
                        "ATM_high": 0, 
                        "CyclinD1": 0, 
                        "MDM2": 0, 
                        "FGFR3": 0, 
                        "p16INK4a": 0, 
                        "TP53": 0, 
                        "FGFR3_stimulus": 0, 
                        "SPRY": 0, 
                        "E2F3_medium": 0, 
                        "GRB2": 0, 
                        "E2F1_high": 0, 
                        "EGFR_stimulus": 0, 
                        "Growth_arrest": 1
                    }, 
                    "str": "0000000000000000000010000001100000", 
                    "mintrapspace": {
                        "dict": {
                            "E2F1_medium": 0, 
                            "EGFR": 0, 
                            "E2F3_high": 0, 
                            "AKT": 0, 
                            "ATM_medium": 0, 
                            "CyclinE1": 0, 
                            "MDM2": 0, 
                            "CyclinA": 0, 
                            "Proliferation": 0, 
                            "E2F3_medium": 0, 
                            "Apoptosis_medium": 0, 
                            "PI3K": 0, 
                            "RB1": 1, 
                            "RAS": 0, 
                            "CHEK1_2_medium": 0, 
                            "E2F1_high": 0, 
                            "RBL2": 1, 
                            "p21CIP": 0, 
                            "Apoptosis_high": 0, 
                            "CDC25A": 0, 
                            "CHEK1_2_high": 0, 
                            "ATM_high": 0, 
                            "CyclinD1": 0, 
                            "p14ARF": 0, 
                            "FGFR3": 0, 
                            "p16INK4a": 0, 
                            "TP53": 0, 
                            "FGFR3_stimulus": 0, 
                            "SPRY": 0, 
                            "PTEN": 0, 
                            "GRB2": 0, 
                            "Growth_inhibitors": 0, 
                            "EGFR_stimulus": 0, 
                            "Growth_arrest": 1
                        }, 
                        "str": "0000000000000000000010000001100000", 
                        "prop": "!AKT&!ATM_high&!ATM_medium&!Apoptosis_high&!Apoptosis_medium&!CDC25A&!CHEK1_2_high&!CHEK1_2_medium&!CyclinA&!CyclinD1&!CyclinE1&!E2F1_high&!E2F1_medium&!E2F3_high&!E2F3_medium&!EGFR&!EGFR_stimulus&!FGFR3&!FGFR3_stimulus&!GRB2&Growth_arrest&!Growth_inhibitors&!MDM2&!PI3K&!PTEN&!Proliferation&!RAS&RB1&RBL2&!SPRY&!TP53&!p14ARF&!p16INK4a&!p21CIP"
                    }, 
                    "is_cyclic": false
                }, 
                {
                    "is_steady": true, 
                    "prop": "!AKT&!ATM_high&!ATM_medium&!Apoptosis_high&!Apoptosis_medium&!CDC25A&!CHEK1_2_high&!CHEK1_2_medium&!CyclinA&!CyclinD1&!CyclinE1&!E2F1_high&!E2F1_medium&!E2F3_high&!E2F3_medium&!EGFR&!EGFR_stimulus&!FGFR3&!FGFR3_stimulus&!GRB2&Growth_arrest&Growth_inhibitors&!MDM2&!PI3K&!PTEN&!Proliferation&!RAS&!RB1&RBL2&!SPRY&!TP53&!p14ARF&p16INK4a&p21CIP", 
                    "dict": {
                        "E2F1_medium": 0, 
                        "EGFR": 0, 
                        "E2F3_high": 0, 
                        "AKT": 0, 
                        "ATM_medium": 0, 
                        "CyclinE1": 0, 
                        "p14ARF": 0, 
                        "CyclinA": 0, 
                        "Proliferation": 0, 
                        "PTEN": 0, 
                        "Apoptosis_medium": 0, 
                        "PI3K": 0, 
                        "RB1": 0, 
                        "RAS": 0, 
                        "CHEK1_2_medium": 0, 
                        "Growth_inhibitors": 1, 
                        "RBL2": 1, 
                        "p21CIP": 1, 
                        "Apoptosis_high": 0, 
                        "CDC25A": 0, 
                        "CHEK1_2_high": 0, 
                        "ATM_high": 0, 
                        "CyclinD1": 0, 
                        "MDM2": 0, 
                        "FGFR3": 0, 
                        "p16INK4a": 1, 
                        "TP53": 0, 
                        "FGFR3_stimulus": 0, 
                        "SPRY": 0, 
                        "E2F3_medium": 0, 
                        "GRB2": 0, 
                        "E2F1_high": 0, 
                        "EGFR_stimulus": 0, 
                        "Growth_arrest": 1
                    }, 
                    "str": "0000000000000000000011000000100011", 
                    "mintrapspace": {
                        "dict": {
                            "E2F1_medium": 0, 
                            "EGFR": 0, 
                            "E2F3_high": 0, 
                            "AKT": 0, 
                            "ATM_medium": 0, 
                            "CyclinE1": 0, 
                            "MDM2": 0, 
                            "CyclinA": 0, 
                            "Proliferation": 0, 
                            "E2F3_medium": 0, 
                            "Apoptosis_medium": 0, 
                            "PI3K": 0, 
                            "RB1": 0, 
                            "RAS": 0, 
                            "CHEK1_2_medium": 0, 
                            "E2F1_high": 0, 
                            "RBL2": 1, 
                            "p21CIP": 1, 
                            "Apoptosis_high": 0, 
                            "CDC25A": 0, 
                            "CHEK1_2_high": 0, 
                            "ATM_high": 0, 
                            "CyclinD1": 0, 
                            "p14ARF": 0, 
                            "FGFR3": 0, 
                            "p16INK4a": 1, 
                            "TP53": 0, 
                            "FGFR3_stimulus": 0, 
                            "SPRY": 0, 
                            "PTEN": 0, 
                            "GRB2": 0, 
                            "Growth_inhibitors": 1, 
                            "EGFR_stimulus": 0, 
                            "Growth_arrest": 1
                        }, 
                        "str": "0000000000000000000011000000100011", 
                        "prop": "!AKT&!ATM_high&!ATM_medium&!Apoptosis_high&!Apoptosis_medium&!CDC25A&!CHEK1_2_high&!CHEK1_2_medium&!CyclinA&!CyclinD1&!CyclinE1&!E2F1_high&!E2F1_medium&!E2F3_high&!E2F3_medium&!EGFR&!EGFR_stimulus&!FGFR3&!FGFR3_stimulus&!GRB2&Growth_arrest&Growth_inhibitors&!MDM2&!PI3K&!PTEN&!Proliferation&!RAS&!RB1&RBL2&!SPRY&!TP53&!p14ARF&p16INK4a&p21CIP"
                    }, 
                    "is_cyclic": false
                }, 
                {
                    "is_steady": true, 
                    "prop": "!AKT&!ATM_high&!ATM_medium&!Apoptosis_high&!Apoptosis_medium&!CDC25A&!CHEK1_2_high&!CHEK1_2_medium&!CyclinA&!CyclinD1&!CyclinE1&!E2F1_high&!E2F1_medium&!E2F3_high&!E2F3_medium&!EGFR&!EGFR_stimulus&!FGFR3&!FGFR3_stimulus&!GRB2&Growth_arrest&Growth_inhibitors&!MDM2&!PI3K&!PTEN&!Proliferation&!RAS&RB1&RBL2&!SPRY&!TP53&!p14ARF&!p16INK4a&p21CIP", 
                    "dict": {
                        "E2F1_medium": 0, 
                        "EGFR": 0, 
                        "E2F3_high": 0, 
                        "AKT": 0, 
                        "ATM_medium": 0, 
                        "CyclinE1": 0, 
                        "p14ARF": 0, 
                        "CyclinA": 0, 
                        "Proliferation": 0, 
                        "PTEN": 0, 
                        "Apoptosis_medium": 0, 
                        "PI3K": 0, 
                        "RB1": 1, 
                        "RAS": 0, 
                        "CHEK1_2_medium": 0, 
                        "Growth_inhibitors": 1, 
                        "RBL2": 1, 
                        "p21CIP": 1, 
                        "Apoptosis_high": 0, 
                        "CDC25A": 0, 
                        "CHEK1_2_high": 0, 
                        "ATM_high": 0, 
                        "CyclinD1": 0, 
                        "MDM2": 0, 
                        "FGFR3": 0, 
                        "p16INK4a": 0, 
                        "TP53": 0, 
                        "FGFR3_stimulus": 0, 
                        "SPRY": 0, 
                        "E2F3_medium": 0, 
                        "GRB2": 0, 
                        "E2F1_high": 0, 
                        "EGFR_stimulus": 0, 
                        "Growth_arrest": 1
                    }, 
                    "str": "0000000000000000000011000001100001", 
                    "mintrapspace": {
                        "dict": {
                            "E2F1_medium": 0, 
                            "EGFR": 0, 
                            "E2F3_high": 0, 
                            "AKT": 0, 
                            "ATM_medium": 0, 
                            "CyclinE1": 0, 
                            "MDM2": 0, 
                            "CyclinA": 0, 
                            "Proliferation": 0, 
                            "E2F3_medium": 0, 
                            "Apoptosis_medium": 0, 
                            "PI3K": 0, 
                            "RB1": 1, 
                            "RAS": 0, 
                            "CHEK1_2_medium": 0, 
                            "E2F1_high": 0, 
                            "RBL2": 1, 
                            "p21CIP": 1, 
                            "Apoptosis_high": 0, 
                            "CDC25A": 0, 
                            "CHEK1_2_high": 0, 
                            "ATM_high": 0, 
                            "CyclinD1": 0, 
                            "p14ARF": 0, 
                            "FGFR3": 0, 
                            "p16INK4a": 0, 
                            "TP53": 0, 
                            "FGFR3_stimulus": 0, 
                            "SPRY": 0, 
                            "PTEN": 0, 
                            "GRB2": 0, 
                            "Growth_inhibitors": 1, 
                            "EGFR_stimulus": 0, 
                            "Growth_arrest": 1
                        }, 
                        "str": "0000000000000000000011000001100001", 
                        "prop": "!AKT&!ATM_high&!ATM_medium&!Apoptosis_high&!Apoptosis_medium&!CDC25A&!CHEK1_2_high&!CHEK1_2_medium&!CyclinA&!CyclinD1&!CyclinE1&!E2F1_high&!E2F1_medium&!E2F3_high&!E2F3_medium&!EGFR&!EGFR_stimulus&!FGFR3&!FGFR3_stimulus&!GRB2&Growth_arrest&Growth_inhibitors&!MDM2&!PI3K&!PTEN&!Proliferation&!RAS&RB1&RBL2&!SPRY&!TP53&!p14ARF&!p16INK4a&p21CIP"
                    }, 
                    "is_cyclic": false
                }, 
                {
                    "is_steady": true, 
                    "prop": "!AKT&!ATM_high&!ATM_medium&!Apoptosis_high&!Apoptosis_medium&!CDC25A&!CHEK1_2_high&!CHEK1_2_medium&!CyclinA&!CyclinD1&!CyclinE1&!E2F1_high&!E2F1_medium&!E2F3_high&!E2F3_medium&!EGFR&!EGFR_stimulus&FGFR3&FGFR3_stimulus&!GRB2&Growth_arrest&Growth_inhibitors&!MDM2&!PI3K&!PTEN&!Proliferation&RAS&RB1&RBL2&SPRY&!TP53&!p14ARF&!p16INK4a&p21CIP", 
                    "dict": {
                        "E2F1_medium": 0, 
                        "EGFR": 0, 
                        "E2F3_high": 0, 
                        "AKT": 0, 
                        "ATM_medium": 0, 
                        "CyclinE1": 0, 
                        "p14ARF": 0, 
                        "CyclinA": 0, 
                        "Proliferation": 0, 
                        "PTEN": 0, 
                        "Apoptosis_medium": 0, 
                        "PI3K": 0, 
                        "RB1": 1, 
                        "RAS": 1, 
                        "CHEK1_2_medium": 0, 
                        "Growth_inhibitors": 1, 
                        "RBL2": 1, 
                        "p21CIP": 1, 
                        "Apoptosis_high": 0, 
                        "CDC25A": 0, 
                        "CHEK1_2_high": 0, 
                        "ATM_high": 0, 
                        "CyclinD1": 0, 
                        "MDM2": 0, 
                        "FGFR3": 1, 
                        "p16INK4a": 0, 
                        "TP53": 0, 
                        "FGFR3_stimulus": 1, 
                        "SPRY": 1, 
                        "E2F3_medium": 0, 
                        "GRB2": 0, 
                        "E2F1_high": 0, 
                        "EGFR_stimulus": 0, 
                        "Growth_arrest": 1
                    }, 
                    "str": "0000000000000000011011000011110001", 
                    "mintrapspace": {
                        "dict": {
                            "E2F1_medium": 0, 
                            "EGFR": 0, 
                            "E2F3_high": 0, 
                            "AKT": 0, 
                            "ATM_medium": 0, 
                            "CyclinE1": 0, 
                            "MDM2": 0, 
                            "CyclinA": 0, 
                            "Proliferation": 0, 
                            "E2F3_medium": 0, 
                            "Apoptosis_medium": 0, 
                            "PI3K": 0, 
                            "RB1": 1, 
                            "RAS": 1, 
                            "CHEK1_2_medium": 0, 
                            "E2F1_high": 0, 
                            "RBL2": 1, 
                            "p21CIP": 1, 
                            "Apoptosis_high": 0, 
                            "CDC25A": 0, 
                            "CHEK1_2_high": 0, 
                            "ATM_high": 0, 
                            "CyclinD1": 0, 
                            "p14ARF": 0, 
                            "FGFR3": 1, 
                            "p16INK4a": 0, 
                            "TP53": 0, 
                            "FGFR3_stimulus": 1, 
                            "SPRY": 1, 
                            "PTEN": 0, 
                            "GRB2": 0, 
                            "Growth_inhibitors": 1, 
                            "EGFR_stimulus": 0, 
                            "Growth_arrest": 1
                        }, 
                        "str": "0000000000000000011011000011110001", 
                        "prop": "!AKT&!ATM_high&!ATM_medium&!Apoptosis_high&!Apoptosis_medium&!CDC25A&!CHEK1_2_high&!CHEK1_2_medium&!CyclinA&!CyclinD1&!CyclinE1&!E2F1_high&!E2F1_medium&!E2F3_high&!E2F3_medium&!EGFR&!EGFR_stimulus&FGFR3&FGFR3_stimulus&!GRB2&Growth_arrest&Growth_inhibitors&!MDM2&!PI3K&!PTEN&!Proliferation&RAS&RB1&RBL2&SPRY&!TP53&!p14ARF&!p16INK4a&p21CIP"
                    }, 
                    "is_cyclic": false
                }, 
                {
                    "is_steady": true, 
                    "prop": "!AKT&!ATM_high&!ATM_medium&!Apoptosis_high&!Apoptosis_medium&!CDC25A&!CHEK1_2_high&!CHEK1_2_medium&!CyclinA&!CyclinD1&!CyclinE1&!E2F1_high&!E2F1_medium&!E2F3_high&!E2F3_medium&!EGFR&EGFR_stimulus&FGFR3&FGFR3_stimulus&!GRB2&Growth_arrest&Growth_inhibitors&!MDM2&!PI3K&!PTEN&!Proliferation&RAS&RB1&RBL2&SPRY&!TP53&!p14ARF&!p16INK4a&p21CIP", 
                    "dict": {
                        "E2F1_medium": 0, 
                        "EGFR": 0, 
                        "E2F3_high": 0, 
                        "AKT": 0, 
                        "ATM_medium": 0, 
                        "CyclinE1": 0, 
                        "p14ARF": 0, 
                        "CyclinA": 0, 
                        "Proliferation": 0, 
                        "PTEN": 0, 
                        "Apoptosis_medium": 0, 
                        "PI3K": 0, 
                        "RB1": 1, 
                        "RAS": 1, 
                        "CHEK1_2_medium": 0, 
                        "Growth_inhibitors": 1, 
                        "RBL2": 1, 
                        "p21CIP": 1, 
                        "Apoptosis_high": 0, 
                        "CDC25A": 0, 
                        "CHEK1_2_high": 0, 
                        "ATM_high": 0, 
                        "CyclinD1": 0, 
                        "MDM2": 0, 
                        "FGFR3": 1, 
                        "p16INK4a": 0, 
                        "TP53": 0, 
                        "FGFR3_stimulus": 1, 
                        "SPRY": 1, 
                        "E2F3_medium": 0, 
                        "GRB2": 0, 
                        "E2F1_high": 0, 
                        "EGFR_stimulus": 1, 
                        "Growth_arrest": 1
                    }, 
                    "str": "0000000000000000111011000011110001", 
                    "mintrapspace": {
                        "dict": {
                            "E2F1_medium": 0, 
                            "EGFR": 0, 
                            "E2F3_high": 0, 
                            "AKT": 0, 
                            "ATM_medium": 0, 
                            "CyclinE1": 0, 
                            "MDM2": 0, 
                            "CyclinA": 0, 
                            "Proliferation": 0, 
                            "E2F3_medium": 0, 
                            "Apoptosis_medium": 0, 
                            "PI3K": 0, 
                            "RB1": 1, 
                            "RAS": 1, 
                            "CHEK1_2_medium": 0, 
                            "E2F1_high": 0, 
                            "RBL2": 1, 
                            "p21CIP": 1, 
                            "Apoptosis_high": 0, 
                            "CDC25A": 0, 
                            "CHEK1_2_high": 0, 
                            "ATM_high": 0, 
                            "CyclinD1": 0, 
                            "p14ARF": 0, 
                            "FGFR3": 1, 
                            "p16INK4a": 0, 
                            "TP53": 0, 
                            "FGFR3_stimulus": 1, 
                            "SPRY": 1, 
                            "PTEN": 0, 
                            "GRB2": 0, 
                            "Growth_inhibitors": 1, 
                            "EGFR_stimulus": 1, 
                            "Growth_arrest": 1
                        }, 
                        "str": "0000000000000000111011000011110001", 
                        "prop": "!AKT&!ATM_high&!ATM_medium&!Apoptosis_high&!Apoptosis_medium&!CDC25A&!CHEK1_2_high&!CHEK1_2_medium&!CyclinA&!CyclinD1&!CyclinE1&!E2F1_high&!E2F1_medium&!E2F3_high&!E2F3_medium&!EGFR&EGFR_stimulus&FGFR3&FGFR3_stimulus&!GRB2&Growth_arrest&Growth_inhibitors&!MDM2&!PI3K&!PTEN&!Proliferation&RAS&RB1&RBL2&SPRY&!TP53&!p14ARF&!p16INK4a&p21CIP"
                    }, 
                    "is_cyclic": false
                }, 
                {
                    "is_steady": true, 
                    "prop": "!AKT&!ATM_high&!ATM_medium&!Apoptosis_high&!Apoptosis_medium&!CDC25A&!CHEK1_2_high&!CHEK1_2_medium&!CyclinA&!CyclinD1&!CyclinE1&!E2F1_high&!E2F1_medium&!E2F3_high&E2F3_medium&!EGFR&!EGFR_stimulus&FGFR3&FGFR3_stimulus&!GRB2&Growth_arrest&Growth_inhibitors&!MDM2&!PI3K&!PTEN&!Proliferation&RAS&!RB1&RBL2&SPRY&!TP53&!p14ARF&p16INK4a&p21CIP", 
                    "dict": {
                        "E2F1_medium": 0, 
                        "EGFR": 0, 
                        "E2F3_high": 0, 
                        "AKT": 0, 
                        "ATM_medium": 0, 
                        "CyclinE1": 0, 
                        "p14ARF": 0, 
                        "CyclinA": 0, 
                        "Proliferation": 0, 
                        "PTEN": 0, 
                        "Apoptosis_medium": 0, 
                        "PI3K": 0, 
                        "RB1": 0, 
                        "RAS": 1, 
                        "CHEK1_2_medium": 0, 
                        "Growth_inhibitors": 1, 
                        "RBL2": 1, 
                        "p21CIP": 1, 
                        "Apoptosis_high": 0, 
                        "CDC25A": 0, 
                        "CHEK1_2_high": 0, 
                        "ATM_high": 0, 
                        "CyclinD1": 0, 
                        "MDM2": 0, 
                        "FGFR3": 1, 
                        "p16INK4a": 1, 
                        "TP53": 0, 
                        "FGFR3_stimulus": 1, 
                        "SPRY": 1, 
                        "E2F3_medium": 1, 
                        "GRB2": 0, 
                        "E2F1_high": 0, 
                        "EGFR_stimulus": 0, 
                        "Growth_arrest": 1
                    }, 
                    "str": "0000000000000010011011000010110011", 
                    "mintrapspace": {
                        "dict": {
                            "E2F1_medium": 0, 
                            "EGFR": 0, 
                            "E2F3_high": 0, 
                            "AKT": 0, 
                            "ATM_medium": 0, 
                            "CyclinE1": 0, 
                            "MDM2": 0, 
                            "CyclinA": 0, 
                            "Proliferation": 0, 
                            "E2F3_medium": 1, 
                            "Apoptosis_medium": 0, 
                            "PI3K": 0, 
                            "RB1": 0, 
                            "RAS": 1, 
                            "CHEK1_2_medium": 0, 
                            "E2F1_high": 0, 
                            "RBL2": 1, 
                            "p21CIP": 1, 
                            "Apoptosis_high": 0, 
                            "CDC25A": 0, 
                            "CHEK1_2_high": 0, 
                            "ATM_high": 0, 
                            "CyclinD1": 0, 
                            "p14ARF": 0, 
                            "FGFR3": 1, 
                            "p16INK4a": 1, 
                            "TP53": 0, 
                            "FGFR3_stimulus": 1, 
                            "SPRY": 1, 
                            "PTEN": 0, 
                            "GRB2": 0, 
                            "Growth_inhibitors": 1, 
                            "EGFR_stimulus": 0, 
                            "Growth_arrest": 1
                        }, 
                        "str": "0000000000000010011011000010110011", 
                        "prop": "!AKT&!ATM_high&!ATM_medium&!Apoptosis_high&!Apoptosis_medium&!CDC25A&!CHEK1_2_high&!CHEK1_2_medium&!CyclinA&!CyclinD1&!CyclinE1&!E2F1_high&!E2F1_medium&!E2F3_high&E2F3_medium&!EGFR&!EGFR_stimulus&FGFR3&FGFR3_stimulus&!GRB2&Growth_arrest&Growth_inhibitors&!MDM2&!PI3K&!PTEN&!Proliferation&RAS&!RB1&RBL2&SPRY&!TP53&!p14ARF&p16INK4a&p21CIP"
                    }, 
                    "is_cyclic": false
                }, 
                {
                    "is_steady": true, 
                    "prop": "!AKT&!ATM_high&!ATM_medium&!Apoptosis_high&!Apoptosis_medium&!CDC25A&!CHEK1_2_high&!CHEK1_2_medium&!CyclinA&!CyclinD1&!CyclinE1&!E2F1_high&!E2F1_medium&!E2F3_high&E2F3_medium&!EGFR&EGFR_stimulus&FGFR3&FGFR3_stimulus&!GRB2&Growth_arrest&Growth_inhibitors&!MDM2&!PI3K&!PTEN&!Proliferation&RAS&!RB1&RBL2&SPRY&!TP53&!p14ARF&p16INK4a&p21CIP", 
                    "dict": {
                        "E2F1_medium": 0, 
                        "EGFR": 0, 
                        "E2F3_high": 0, 
                        "AKT": 0, 
                        "ATM_medium": 0, 
                        "CyclinE1": 0, 
                        "p14ARF": 0, 
                        "CyclinA": 0, 
                        "Proliferation": 0, 
                        "PTEN": 0, 
                        "Apoptosis_medium": 0, 
                        "PI3K": 0, 
                        "RB1": 0, 
                        "RAS": 1, 
                        "CHEK1_2_medium": 0, 
                        "Growth_inhibitors": 1, 
                        "RBL2": 1, 
                        "p21CIP": 1, 
                        "Apoptosis_high": 0, 
                        "CDC25A": 0, 
                        "CHEK1_2_high": 0, 
                        "ATM_high": 0, 
                        "CyclinD1": 0, 
                        "MDM2": 0, 
                        "FGFR3": 1, 
                        "p16INK4a": 1, 
                        "TP53": 0, 
                        "FGFR3_stimulus": 1, 
                        "SPRY": 1, 
                        "E2F3_medium": 1, 
                        "GRB2": 0, 
                        "E2F1_high": 0, 
                        "EGFR_stimulus": 1, 
                        "Growth_arrest": 1
                    }, 
                    "str": "0000000000000010111011000010110011", 
                    "mintrapspace": {
                        "dict": {
                            "E2F1_medium": 0, 
                            "EGFR": 0, 
                            "E2F3_high": 0, 
                            "AKT": 0, 
                            "ATM_medium": 0, 
                            "CyclinE1": 0, 
                            "MDM2": 0, 
                            "CyclinA": 0, 
                            "Proliferation": 0, 
                            "E2F3_medium": 1, 
                            "Apoptosis_medium": 0, 
                            "PI3K": 0, 
                            "RB1": 0, 
                            "RAS": 1, 
                            "CHEK1_2_medium": 0, 
                            "E2F1_high": 0, 
                            "RBL2": 1, 
                            "p21CIP": 1, 
                            "Apoptosis_high": 0, 
                            "CDC25A": 0, 
                            "CHEK1_2_high": 0, 
                            "ATM_high": 0, 
                            "CyclinD1": 0, 
                            "p14ARF": 0, 
                            "FGFR3": 1, 
                            "p16INK4a": 1, 
                            "TP53": 0, 
                            "FGFR3_stimulus": 1, 
                            "SPRY": 1, 
                            "PTEN": 0, 
                            "GRB2": 0, 
                            "Growth_inhibitors": 1, 
                            "EGFR_stimulus": 1, 
                            "Growth_arrest": 1
                        }, 
                        "str": "0000000000000010111011000010110011", 
                        "prop": "!AKT&!ATM_high&!ATM_medium&!Apoptosis_high&!Apoptosis_medium&!CDC25A&!CHEK1_2_high&!CHEK1_2_medium&!CyclinA&!CyclinD1&!CyclinE1&!E2F1_high&!E2F1_medium&!E2F3_high&E2F3_medium&!EGFR&EGFR_stimulus&FGFR3&FGFR3_stimulus&!GRB2&Growth_arrest&Growth_inhibitors&!MDM2&!PI3K&!PTEN&!Proliferation&RAS&!RB1&RBL2&SPRY&!TP53&!p14ARF&p16INK4a&p21CIP"
                    }, 
                    "is_cyclic": false
                }
            ], 
            "inhibited_markers": [
                "Apoptosis_high", 
                "Apoptosis_medium", 
                "Proliferation"
            ]
        }, 
        {
            "stateformula": "(!AKT&!ATM_high&!ATM_medium&!Apoptosis_high&!Apoptosis_medium&CDC25A&!CHEK1_2_high&!CHEK1_2_medium&CyclinA&!CyclinD1&CyclinE1&!E2F1_high&E2F1_medium&!E2F3_high&E2F3_medium&!EGFR&!EGFR_stimulus&FGFR3&FGFR3_stimulus&!GRB2&!Growth_arrest&Growth_inhibitors&!MDM2&!PI3K&!PTEN&Proliferation&RAS&!RB1&!RBL2&SPRY&!TP53&p14ARF&p16INK4a&!p21CIP | !AKT&!ATM_high&!ATM_medium&!Apoptosis_high&!Apoptosis_medium&CDC25A&!CHEK1_2_high&!CHEK1_2_medium&CyclinA&!CyclinD1&CyclinE1&!E2F1_high&E2F1_medium&!E2F3_high&E2F3_medium&!EGFR&EGFR_stimulus&FGFR3&FGFR3_stimulus&!GRB2&!Growth_arrest&Growth_inhibitors&!MDM2&!PI3K&!PTEN&Proliferation&RAS&!RB1&!RBL2&SPRY&!TP53&p14ARF&p16INK4a&!p21CIP | !AKT&!ATM_high&!ATM_medium&!Apoptosis_high&!Apoptosis_medium&CDC25A&!CHEK1_2_high&!CHEK1_2_medium&CyclinA&CyclinD1&CyclinE1&!E2F1_high&E2F1_medium&!E2F3_high&E2F3_medium&!EGFR&!EGFR_stimulus&FGFR3&FGFR3_stimulus&!GRB2&!Growth_arrest&!Growth_inhibitors&!MDM2&!PI3K&!PTEN&Proliferation&RAS&!RB1&!RBL2&SPRY&!TP53&p14ARF&!p16INK4a&!p21CIP | !AKT&!ATM_high&!ATM_medium&!Apoptosis_high&!Apoptosis_medium&CDC25A&!CHEK1_2_high&!CHEK1_2_medium&CyclinA&CyclinD1&CyclinE1&!E2F1_high&E2F1_medium&!E2F3_high&E2F3_medium&!EGFR&EGFR_stimulus&FGFR3&FGFR3_stimulus&!GRB2&!Growth_arrest&!Growth_inhibitors&!MDM2&!PI3K&!PTEN&Proliferation&RAS&!RB1&!RBL2&SPRY&!TP53&p14ARF&!p16INK4a&!p21CIP)", 
            "oscillating_markers": [], 
            "name": "Pheno B", 
            "activated_markers": [
                "Proliferation"
            ], 
            "pattern": "1000", 
            "states": [
                {
                    "is_steady": true, 
                    "prop": "!AKT&!ATM_high&!ATM_medium&!Apoptosis_high&!Apoptosis_medium&CDC25A&!CHEK1_2_high&!CHEK1_2_medium&CyclinA&!CyclinD1&CyclinE1&!E2F1_high&E2F1_medium&!E2F3_high&E2F3_medium&!EGFR&!EGFR_stimulus&FGFR3&FGFR3_stimulus&!GRB2&!Growth_arrest&Growth_inhibitors&!MDM2&!PI3K&!PTEN&Proliferation&RAS&!RB1&!RBL2&SPRY&!TP53&p14ARF&p16INK4a&!p21CIP", 
                    "dict": {
                        "E2F1_medium": 1, 
                        "EGFR": 0, 
                        "E2F3_high": 0, 
                        "AKT": 0, 
                        "ATM_medium": 0, 
                        "CyclinE1": 1, 
                        "p14ARF": 1, 
                        "CyclinA": 1, 
                        "Proliferation": 1, 
                        "PTEN": 0, 
                        "Apoptosis_medium": 0, 
                        "PI3K": 0, 
                        "RB1": 0, 
                        "RAS": 1, 
                        "CHEK1_2_medium": 0, 
                        "Growth_inhibitors": 1, 
                        "RBL2": 0, 
                        "p21CIP": 0, 
                        "Apoptosis_high": 0, 
                        "CDC25A": 1, 
                        "CHEK1_2_high": 0, 
                        "ATM_high": 0, 
                        "CyclinD1": 0, 
                        "MDM2": 0, 
                        "FGFR3": 1, 
                        "p16INK4a": 1, 
                        "TP53": 0, 
                        "FGFR3_stimulus": 1, 
                        "SPRY": 1, 
                        "E2F3_medium": 1, 
                        "GRB2": 0, 
                        "E2F1_high": 0, 
                        "EGFR_stimulus": 0, 
                        "Growth_arrest": 0
                    }, 
                    "str": "0000010010101010011001000110010110", 
                    "mintrapspace": {
                        "dict": {
                            "E2F1_medium": 1, 
                            "EGFR": 0, 
                            "E2F3_high": 0, 
                            "AKT": 0, 
                            "ATM_medium": 0, 
                            "CyclinE1": 1, 
                            "MDM2": 0, 
                            "CyclinA": 1, 
                            "Proliferation": 1, 
                            "E2F3_medium": 1, 
                            "Apoptosis_medium": 0, 
                            "PI3K": 0, 
                            "RB1": 0, 
                            "RAS": 1, 
                            "CHEK1_2_medium": 0, 
                            "E2F1_high": 0, 
                            "RBL2": 0, 
                            "p21CIP": 0, 
                            "Apoptosis_high": 0, 
                            "CDC25A": 1, 
                            "CHEK1_2_high": 0, 
                            "ATM_high": 0, 
                            "CyclinD1": 0, 
                            "p14ARF": 1, 
                            "FGFR3": 1, 
                            "p16INK4a": 1, 
                            "TP53": 0, 
                            "FGFR3_stimulus": 1, 
                            "SPRY": 1, 
                            "PTEN": 0, 
                            "GRB2": 0, 
                            "Growth_inhibitors": 1, 
                            "EGFR_stimulus": 0, 
                            "Growth_arrest": 0
                        }, 
                        "str": "0000010010101010011001000110010110", 
                        "prop": "!AKT&!ATM_high&!ATM_medium&!Apoptosis_high&!Apoptosis_medium&CDC25A&!CHEK1_2_high&!CHEK1_2_medium&CyclinA&!CyclinD1&CyclinE1&!E2F1_high&E2F1_medium&!E2F3_high&E2F3_medium&!EGFR&!EGFR_stimulus&FGFR3&FGFR3_stimulus&!GRB2&!Growth_arrest&Growth_inhibitors&!MDM2&!PI3K&!PTEN&Proliferation&RAS&!RB1&!RBL2&SPRY&!TP53&p14ARF&p16INK4a&!p21CIP"
                    }, 
                    "is_cyclic": false
                }, 
                {
                    "is_steady": true, 
                    "prop": "!AKT&!ATM_high&!ATM_medium&!Apoptosis_high&!Apoptosis_medium&CDC25A&!CHEK1_2_high&!CHEK1_2_medium&CyclinA&!CyclinD1&CyclinE1&!E2F1_high&E2F1_medium&!E2F3_high&E2F3_medium&!EGFR&EGFR_stimulus&FGFR3&FGFR3_stimulus&!GRB2&!Growth_arrest&Growth_inhibitors&!MDM2&!PI3K&!PTEN&Proliferation&RAS&!RB1&!RBL2&SPRY&!TP53&p14ARF&p16INK4a&!p21CIP", 
                    "dict": {
                        "E2F1_medium": 1, 
                        "EGFR": 0, 
                        "E2F3_high": 0, 
                        "AKT": 0, 
                        "ATM_medium": 0, 
                        "CyclinE1": 1, 
                        "p14ARF": 1, 
                        "CyclinA": 1, 
                        "Proliferation": 1, 
                        "PTEN": 0, 
                        "Apoptosis_medium": 0, 
                        "PI3K": 0, 
                        "RB1": 0, 
                        "RAS": 1, 
                        "CHEK1_2_medium": 0, 
                        "Growth_inhibitors": 1, 
                        "RBL2": 0, 
                        "p21CIP": 0, 
                        "Apoptosis_high": 0, 
                        "CDC25A": 1, 
                        "CHEK1_2_high": 0, 
                        "ATM_high": 0, 
                        "CyclinD1": 0, 
                        "MDM2": 0, 
                        "FGFR3": 1, 
                        "p16INK4a": 1, 
                        "TP53": 0, 
                        "FGFR3_stimulus": 1, 
                        "SPRY": 1, 
                        "E2F3_medium": 1, 
                        "GRB2": 0, 
                        "E2F1_high": 0, 
                        "EGFR_stimulus": 1, 
                        "Growth_arrest": 0
                    }, 
                    "str": "0000010010101010111001000110010110", 
                    "mintrapspace": {
                        "dict": {
                            "E2F1_medium": 1, 
                            "EGFR": 0, 
                            "E2F3_high": 0, 
                            "AKT": 0, 
                            "ATM_medium": 0, 
                            "CyclinE1": 1, 
                            "MDM2": 0, 
                            "CyclinA": 1, 
                            "Proliferation": 1, 
                            "E2F3_medium": 1, 
                            "Apoptosis_medium": 0, 
                            "PI3K": 0, 
                            "RB1": 0, 
                            "RAS": 1, 
                            "CHEK1_2_medium": 0, 
                            "E2F1_high": 0, 
                            "RBL2": 0, 
                            "p21CIP": 0, 
                            "Apoptosis_high": 0, 
                            "CDC25A": 1, 
                            "CHEK1_2_high": 0, 
                            "ATM_high": 0, 
                            "CyclinD1": 0, 
                            "p14ARF": 1, 
                            "FGFR3": 1, 
                            "p16INK4a": 1, 
                            "TP53": 0, 
                            "FGFR3_stimulus": 1, 
                            "SPRY": 1, 
                            "PTEN": 0, 
                            "GRB2": 0, 
                            "Growth_inhibitors": 1, 
                            "EGFR_stimulus": 1, 
                            "Growth_arrest": 0
                        }, 
                        "str": "0000010010101010111001000110010110", 
                        "prop": "!AKT&!ATM_high&!ATM_medium&!Apoptosis_high&!Apoptosis_medium&CDC25A&!CHEK1_2_high&!CHEK1_2_medium&CyclinA&!CyclinD1&CyclinE1&!E2F1_high&E2F1_medium&!E2F3_high&E2F3_medium&!EGFR&EGFR_stimulus&FGFR3&FGFR3_stimulus&!GRB2&!Growth_arrest&Growth_inhibitors&!MDM2&!PI3K&!PTEN&Proliferation&RAS&!RB1&!RBL2&SPRY&!TP53&p14ARF&p16INK4a&!p21CIP"
                    }, 
                    "is_cyclic": false
                }, 
                {
                    "is_steady": true, 
                    "prop": "!AKT&!ATM_high&!ATM_medium&!Apoptosis_high&!Apoptosis_medium&CDC25A&!CHEK1_2_high&!CHEK1_2_medium&CyclinA&CyclinD1&CyclinE1&!E2F1_high&E2F1_medium&!E2F3_high&E2F3_medium&!EGFR&!EGFR_stimulus&FGFR3&FGFR3_stimulus&!GRB2&!Growth_arrest&!Growth_inhibitors&!MDM2&!PI3K&!PTEN&Proliferation&RAS&!RB1&!RBL2&SPRY&!TP53&p14ARF&!p16INK4a&!p21CIP", 
                    "dict": {
                        "E2F1_medium": 1, 
                        "EGFR": 0, 
                        "E2F3_high": 0, 
                        "AKT": 0, 
                        "ATM_medium": 0, 
                        "CyclinE1": 1, 
                        "p14ARF": 1, 
                        "CyclinA": 1, 
                        "Proliferation": 1, 
                        "PTEN": 0, 
                        "Apoptosis_medium": 0, 
                        "PI3K": 0, 
                        "RB1": 0, 
                        "RAS": 1, 
                        "CHEK1_2_medium": 0, 
                        "Growth_inhibitors": 0, 
                        "RBL2": 0, 
                        "p21CIP": 0, 
                        "Apoptosis_high": 0, 
                        "CDC25A": 1, 
                        "CHEK1_2_high": 0, 
                        "ATM_high": 0, 
                        "CyclinD1": 1, 
                        "MDM2": 0, 
                        "FGFR3": 1, 
                        "p16INK4a": 0, 
                        "TP53": 0, 
                        "FGFR3_stimulus": 1, 
                        "SPRY": 1, 
                        "E2F3_medium": 1, 
                        "GRB2": 0, 
                        "E2F1_high": 0, 
                        "EGFR_stimulus": 0, 
                        "Growth_arrest": 0
                    }, 
                    "str": "0000010011101010011000000110010100", 
                    "mintrapspace": {
                        "dict": {
                            "E2F1_medium": 1, 
                            "EGFR": 0, 
                            "E2F3_high": 0, 
                            "AKT": 0, 
                            "ATM_medium": 0, 
                            "CyclinE1": 1, 
                            "MDM2": 0, 
                            "CyclinA": 1, 
                            "Proliferation": 1, 
                            "E2F3_medium": 1, 
                            "Apoptosis_medium": 0, 
                            "PI3K": 0, 
                            "RB1": 0, 
                            "RAS": 1, 
                            "CHEK1_2_medium": 0, 
                            "E2F1_high": 0, 
                            "RBL2": 0, 
                            "p21CIP": 0, 
                            "Apoptosis_high": 0, 
                            "CDC25A": 1, 
                            "CHEK1_2_high": 0, 
                            "ATM_high": 0, 
                            "CyclinD1": 1, 
                            "p14ARF": 1, 
                            "FGFR3": 1, 
                            "p16INK4a": 0, 
                            "TP53": 0, 
                            "FGFR3_stimulus": 1, 
                            "SPRY": 1, 
                            "PTEN": 0, 
                            "GRB2": 0, 
                            "Growth_inhibitors": 0, 
                            "EGFR_stimulus": 0, 
                            "Growth_arrest": 0
                        }, 
                        "str": "0000010011101010011000000110010100", 
                        "prop": "!AKT&!ATM_high&!ATM_medium&!Apoptosis_high&!Apoptosis_medium&CDC25A&!CHEK1_2_high&!CHEK1_2_medium&CyclinA&CyclinD1&CyclinE1&!E2F1_high&E2F1_medium&!E2F3_high&E2F3_medium&!EGFR&!EGFR_stimulus&FGFR3&FGFR3_stimulus&!GRB2&!Growth_arrest&!Growth_inhibitors&!MDM2&!PI3K&!PTEN&Proliferation&RAS&!RB1&!RBL2&SPRY&!TP53&p14ARF&!p16INK4a&!p21CIP"
                    }, 
                    "is_cyclic": false
                }, 
                {
                    "is_steady": true, 
                    "prop": "!AKT&!ATM_high&!ATM_medium&!Apoptosis_high&!Apoptosis_medium&CDC25A&!CHEK1_2_high&!CHEK1_2_medium&CyclinA&CyclinD1&CyclinE1&!E2F1_high&E2F1_medium&!E2F3_high&E2F3_medium&!EGFR&EGFR_stimulus&FGFR3&FGFR3_stimulus&!GRB2&!Growth_arrest&!Growth_inhibitors&!MDM2&!PI3K&!PTEN&Proliferation&RAS&!RB1&!RBL2&SPRY&!TP53&p14ARF&!p16INK4a&!p21CIP", 
                    "dict": {
                        "E2F1_medium": 1, 
                        "EGFR": 0, 
                        "E2F3_high": 0, 
                        "AKT": 0, 
                        "ATM_medium": 0, 
                        "CyclinE1": 1, 
                        "p14ARF": 1, 
                        "CyclinA": 1, 
                        "Proliferation": 1, 
                        "PTEN": 0, 
                        "Apoptosis_medium": 0, 
                        "PI3K": 0, 
                        "RB1": 0, 
                        "RAS": 1, 
                        "CHEK1_2_medium": 0, 
                        "Growth_inhibitors": 0, 
                        "RBL2": 0, 
                        "p21CIP": 0, 
                        "Apoptosis_high": 0, 
                        "CDC25A": 1, 
                        "CHEK1_2_high": 0, 
                        "ATM_high": 0, 
                        "CyclinD1": 1, 
                        "MDM2": 0, 
                        "FGFR3": 1, 
                        "p16INK4a": 0, 
                        "TP53": 0, 
                        "FGFR3_stimulus": 1, 
                        "SPRY": 1, 
                        "E2F3_medium": 1, 
                        "GRB2": 0, 
                        "E2F1_high": 0, 
                        "EGFR_stimulus": 1, 
                        "Growth_arrest": 0
                    }, 
                    "str": "0000010011101010111000000110010100", 
                    "mintrapspace": {
                        "dict": {
                            "E2F1_medium": 1, 
                            "EGFR": 0, 
                            "E2F3_high": 0, 
                            "AKT": 0, 
                            "ATM_medium": 0, 
                            "CyclinE1": 1, 
                            "MDM2": 0, 
                            "CyclinA": 1, 
                            "Proliferation": 1, 
                            "E2F3_medium": 1, 
                            "Apoptosis_medium": 0, 
                            "PI3K": 0, 
                            "RB1": 0, 
                            "RAS": 1, 
                            "CHEK1_2_medium": 0, 
                            "E2F1_high": 0, 
                            "RBL2": 0, 
                            "p21CIP": 0, 
                            "Apoptosis_high": 0, 
                            "CDC25A": 1, 
                            "CHEK1_2_high": 0, 
                            "ATM_high": 0, 
                            "CyclinD1": 1, 
                            "p14ARF": 1, 
                            "FGFR3": 1, 
                            "p16INK4a": 0, 
                            "TP53": 0, 
                            "FGFR3_stimulus": 1, 
                            "SPRY": 1, 
                            "PTEN": 0, 
                            "GRB2": 0, 
                            "Growth_inhibitors": 0, 
                            "EGFR_stimulus": 1, 
                            "Growth_arrest": 0
                        }, 
                        "str": "0000010011101010111000000110010100", 
                        "prop": "!AKT&!ATM_high&!ATM_medium&!Apoptosis_high&!Apoptosis_medium&CDC25A&!CHEK1_2_high&!CHEK1_2_medium&CyclinA&CyclinD1&CyclinE1&!E2F1_high&E2F1_medium&!E2F3_high&E2F3_medium&!EGFR&EGFR_stimulus&FGFR3&FGFR3_stimulus&!GRB2&!Growth_arrest&!Growth_inhibitors&!MDM2&!PI3K&!PTEN&Proliferation&RAS&!RB1&!RBL2&SPRY&!TP53&p14ARF&!p16INK4a&!p21CIP"
                    }, 
                    "is_cyclic": false
                }
            ], 
            "inhibited_markers": [
                "Apoptosis_high", 
                "Apoptosis_medium", 
                "Growth_arrest"
            ]
        }, 
        {
            "stateformula": "(!AKT&!ATM_high&!ATM_medium&!Apoptosis_high&!Apoptosis_medium&CDC25A&!CHEK1_2_high&!CHEK1_2_medium&CyclinA&CyclinD1&CyclinE1&!E2F1_high&E2F1_medium&!E2F3_high&E2F3_medium&EGFR&EGFR_stimulus&!FGFR3&!FGFR3_stimulus&GRB2&!Growth_arrest&!Growth_inhibitors&!MDM2&!PI3K&!PTEN&Proliferation&RAS&!RB1&!RBL2&SPRY&!TP53&p14ARF&!p16INK4a&!p21CIP)", 
            "oscillating_markers": [
                "Growth_arrest", 
                "Proliferation"
            ], 
            "name": "Pheno C", 
            "activated_markers": [], 
            "pattern": "--00", 
            "states": [
                {
                    "is_steady": false, 
                    "prop": "!AKT&!ATM_high&!ATM_medium&!Apoptosis_high&!Apoptosis_medium&CDC25A&!CHEK1_2_high&!CHEK1_2_medium&CyclinA&CyclinD1&CyclinE1&!E2F1_high&E2F1_medium&!E2F3_high&E2F3_medium&EGFR&EGFR_stimulus&!FGFR3&!FGFR3_stimulus&GRB2&!Growth_arrest&!Growth_inhibitors&!MDM2&!PI3K&!PTEN&Proliferation&RAS&!RB1&!RBL2&SPRY&!TP53&p14ARF&!p16INK4a&!p21CIP", 
                    "dict": {
                        "E2F1_medium": 1, 
                        "EGFR": 1, 
                        "E2F3_high": 0, 
                        "AKT": 0, 
                        "ATM_medium": 0, 
                        "CyclinE1": 1, 
                        "p14ARF": 1, 
                        "CyclinA": 1, 
                        "Proliferation": 1, 
                        "PTEN": 0, 
                        "Apoptosis_medium": 0, 
                        "p21CIP": 0, 
                        "RB1": 0, 
                        "RAS": 1, 
                        "CHEK1_2_medium": 0, 
                        "E2F1_high": 0, 
                        "RBL2": 0, 
                        "PI3K": 0, 
                        "Apoptosis_high": 0, 
                        "CDC25A": 1, 
                        "CHEK1_2_high": 0, 
                        "ATM_high": 0, 
                        "CyclinD1": 1, 
                        "MDM2": 0, 
                        "FGFR3": 0, 
                        "p16INK4a": 0, 
                        "TP53": 0, 
                        "FGFR3_stimulus": 0, 
                        "SPRY": 1, 
                        "E2F3_medium": 1, 
                        "GRB2": 1, 
                        "Growth_inhibitors": 0, 
                        "EGFR_stimulus": 1, 
                        "Growth_arrest": 0
                    }, 
                    "str": "0000010011101011100100000110010100", 
                    "mintrapspace": {
                        "dict": {
                            "p21CIP": 0, 
                            "Apoptosis_high": 0, 
                            "E2F3_high": 0, 
                            "CHEK1_2_high": 0, 
                            "ATM_high": 0, 
                            "ATM_medium": 0, 
                            "FGFR3": 0, 
                            "p16INK4a": 0, 
                            "TP53": 0, 
                            "FGFR3_stimulus": 0, 
                            "Apoptosis_medium": 0, 
                            "PTEN": 0, 
                            "Growth_inhibitors": 0, 
                            "EGFR_stimulus": 1, 
                            "CHEK1_2_medium": 0, 
                            "E2F1_high": 0
                        }, 
                        "str": "-0000-00---0-0--100--0--0-----0-00", 
                        "prop": "!ATM_high&!ATM_medium&!Apoptosis_high&!Apoptosis_medium&!CHEK1_2_high&!CHEK1_2_medium&!E2F1_high&!E2F3_high&EGFR_stimulus&!FGFR3&!FGFR3_stimulus&!Growth_inhibitors&!PTEN&!TP53&!p16INK4a&!p21CIP"
                    }, 
                    "is_cyclic": true
                }
            ], 
            "inhibited_markers": [
                "Apoptosis_high", 
                "Apoptosis_medium"
            ]
        }
    ]
}