{
    "primes": {
        "E2F1_medium": [
            [
                {
                    "CHEK1_2_high": 1, 
                    "RAS": 1, 
                    "ATM_high": 1
                }, 
                {
                    "E2F3_medium": 0, 
                    "CHEK1_2_high": 1, 
                    "ATM_high": 1
                }, 
                {
                    "CHEK1_2_high": 1, 
                    "E2F3_high": 1, 
                    "ATM_high": 1
                }, 
                {
                    "E2F3_medium": 0, 
                    "RAS": 0
                }
            ], 
            [
                {
                    "E2F3_medium": 1, 
                    "RAS": 0, 
                    "E2F3_high": 0
                }, 
                {
                    "CHEK1_2_high": 0, 
                    "RAS": 1
                }, 
                {
                    "E2F3_medium": 1, 
                    "CHEK1_2_high": 0
                }, 
                {
                    "RAS": 1, 
                    "ATM_high": 0
                }, 
                {
                    "E2F3_medium": 1, 
                    "ATM_high": 0
                }
            ]
        ], 
        "EGFR": [
            [
                {
                    "SPRY": 0, 
                    "EGFR_stimulus": 0
                }, 
                {
                    "GRB2": 1
                }, 
                {
                    "FGFR3": 1
                }
            ], 
            [
                {
                    "GRB2": 0, 
                    "FGFR3": 0, 
                    "SPRY": 1
                }, 
                {
                    "GRB2": 0, 
                    "FGFR3": 0, 
                    "EGFR_stimulus": 1
                }
            ]
        ], 
        "E2F3_high": [
            [
                {
                    "RAS": 0
                }, 
                {
                    "E2F3_medium": 0
                }, 
                {
                    "CHEK1_2_high": 0
                }
            ], 
            [
                {
                    "E2F3_medium": 1, 
                    "CHEK1_2_high": 1, 
                    "RAS": 1
                }
            ]
        ], 
        "AKT": [
            [
                {
                    "PI3K": 0
                }
            ], 
            [
                {
                    "PI3K": 1
                }
            ]
        ], 
        "ATM_medium": [
            [
                {
                    "E2F1_medium": 1
                }, 
                {
                    "DNA_damage": 0
                }
            ], 
            [
                {
                    "DNA_damage": 1, 
                    "E2F1_medium": 0
                }
            ]
        ], 
        "CyclinE1": [
            [
                {
                    "E2F3_medium": 0, 
                    "E2F1_medium": 0
                }, 
                {
                    "p21CIP": 1
                }, 
                {
                    "CDC25A": 0
                }
            ], 
            [
                {
                    "E2F3_medium": 1, 
                    "CDC25A": 1, 
                    "p21CIP": 0
                }, 
                {
                    "CDC25A": 1, 
                    "p21CIP": 0, 
                    "E2F1_medium": 1
                }
            ]
        ], 
        "p14ARF": [
            [
                {
                    "E2F1_medium": 0
                }
            ], 
            [
                {
                    "E2F1_medium": 1
                }
            ]
        ], 
        "CyclinA": [
            [
                {
                    "E2F3_medium": 0, 
                    "E2F1_medium": 0
                }, 
                {
                    "p21CIP": 1
                }, 
                {
                    "CDC25A": 0
                }
            ], 
            [
                {
                    "E2F3_medium": 1, 
                    "CDC25A": 1, 
                    "p21CIP": 0
                }, 
                {
                    "CDC25A": 1, 
                    "p21CIP": 0, 
                    "E2F1_medium": 1
                }
            ]
        ], 
        "DNA_damage": [
            [
                {
                    "DNA_damage": 0
                }
            ], 
            [
                {
                    "DNA_damage": 1
                }
            ]
        ], 
        "PTEN": [
            [
                {
                    "TP53": 0
                }
            ], 
            [
                {
                    "TP53": 1
                }
            ]
        ], 
        "Apoptosis_medium": [
            [
                {
                    "TP53": 0
                }, 
                {
                    "E2F1_high": 1
                }
            ], 
            [
                {
                    "TP53": 1, 
                    "E2F1_high": 0
                }
            ]
        ], 
        "p21CIP": [
            [
                {
                    "TP53": 0, 
                    "Growth_inhibitors": 0
                }, 
                {
                    "CyclinE1": 1
                }, 
                {
                    "AKT": 1
                }
            ], 
            [
                {
                    "CyclinE1": 0, 
                    "TP53": 1, 
                    "AKT": 0
                }, 
                {
                    "CyclinE1": 0, 
                    "Growth_inhibitors": 1, 
                    "AKT": 0
                }
            ]
        ], 
        "RAS": [
            [
                {
                    "GRB2": 0, 
                    "EGFR": 0, 
                    "FGFR3": 0
                }
            ], 
            [
                {
                    "GRB2": 1
                }, 
                {
                    "FGFR3": 1
                }, 
                {
                    "EGFR": 1
                }
            ]
        ], 
        "CHEK1_2_medium": [
            [
                {
                    "E2F1_medium": 1
                }, 
                {
                    "ATM_medium": 0
                }
            ], 
            [
                {
                    "ATM_medium": 1, 
                    "E2F1_medium": 0
                }
            ]
        ], 
        "Growth_inhibitors": [
            [
                {
                    "Growth_inhibitors": 0
                }
            ], 
            [
                {
                    "Growth_inhibitors": 1
                }
            ]
        ], 
        "PI3K": [
            [
                {
                    "RAS": 0
                }, 
                {
                    "PTEN": 1
                }, 
                {
                    "GRB2": 0
                }
            ], 
            [
                {
                    "PTEN": 0, 
                    "GRB2": 1, 
                    "RAS": 1
                }
            ]
        ], 
        "Apoptosis_high": [
            [
                {
                    "E2F1_high": 0
                }, 
                {
                    "Apoptosis_medium": 0
                }
            ], 
            [
                {
                    "Apoptosis_medium": 1, 
                    "E2F1_high": 1
                }
            ]
        ], 
        "CDC25A": [
            [
                {
                    "E2F3_medium": 0, 
                    "E2F1_medium": 0
                }, 
                {
                    "CHEK1_2_medium": 1
                }
            ], 
            [
                {
                    "E2F3_medium": 1, 
                    "CHEK1_2_medium": 0
                }, 
                {
                    "E2F1_medium": 1, 
                    "CHEK1_2_medium": 0
                }
            ]
        ], 
        "Proliferation": [
            [
                {
                    "CyclinA": 0, 
                    "CyclinE1": 0
                }
            ], 
            [
                {
                    "CyclinE1": 1
                }, 
                {
                    "CyclinA": 1
                }
            ]
        ], 
        "CHEK1_2_high": [
            [
                {
                    "E2F1_medium": 0
                }, 
                {
                    "CHEK1_2_medium": 0
                }, 
                {
                    "ATM_medium": 0
                }
            ], 
            [
                {
                    "ATM_medium": 1, 
                    "E2F1_medium": 1, 
                    "CHEK1_2_medium": 1
                }
            ]
        ], 
        "ATM_high": [
            [
                {
                    "E2F1_medium": 0
                }, 
                {
                    "DNA_damage": 0
                }, 
                {
                    "ATM_medium": 0
                }
            ], 
            [
                {
                    "ATM_medium": 1, 
                    "DNA_damage": 1, 
                    "E2F1_medium": 1
                }
            ]
        ], 
        "CyclinD1": [
            [
                {
                    "RAS": 0, 
                    "AKT": 0
                }, 
                {
                    "p21CIP": 1
                }, 
                {
                    "p16INK4a": 1
                }
            ], 
            [
                {
                    "p16INK4a": 0, 
                    "RAS": 1, 
                    "p21CIP": 0
                }, 
                {
                    "p16INK4a": 0, 
                    "p21CIP": 0, 
                    "AKT": 1
                }
            ]
        ], 
        "MDM2": [
            [
                {
                    "TP53": 0, 
                    "AKT": 0
                }, 
                {
                    "p14ARF": 1
                }, 
                {
                    "ATM_medium": 1
                }
            ], 
            [
                {
                    "ATM_medium": 0, 
                    "p14ARF": 0, 
                    "TP53": 1
                }, 
                {
                    "ATM_medium": 0, 
                    "p14ARF": 0, 
                    "AKT": 1
                }
            ]
        ], 
        "FGFR3": [
            [
                {
                    "GRB2": 1
                }, 
                {
                    "FGFR3_stimulus": 0
                }, 
                {
                    "EGFR": 1
                }
            ], 
            [
                {
                    "GRB2": 0, 
                    "EGFR": 0, 
                    "FGFR3_stimulus": 1
                }
            ]
        ], 
        "p16INK4a": [
            [
                {
                    "Growth_inhibitors": 0
                }
            ], 
            [
                {
                    "Growth_inhibitors": 1
                }
            ]
        ], 
        "TP53": [
            [
                {
                    "E2F1_high": 0, 
                    "CHEK1_2_medium": 0
                }, 
                {
                    "ATM_medium": 0, 
                    "E2F1_high": 0
                }, 
                {
                    "MDM2": 1
                }
            ], 
            [
                {
                    "ATM_medium": 1, 
                    "MDM2": 0, 
                    "CHEK1_2_medium": 1
                }, 
                {
                    "MDM2": 0, 
                    "E2F1_high": 1
                }
            ]
        ], 
        "FGFR3_stimulus": [
            [
                {
                    "FGFR3_stimulus": 0
                }
            ], 
            [
                {
                    "FGFR3_stimulus": 1
                }
            ]
        ], 
        "SPRY": [
            [
                {
                    "RAS": 0
                }
            ], 
            [
                {
                    "RAS": 1
                }
            ]
        ], 
        "E2F3_medium": [
            [
                {
                    "RAS": 0
                }, 
                {
                    "CHEK1_2_high": 1
                }
            ], 
            [
                {
                    "CHEK1_2_high": 0, 
                    "RAS": 1
                }
            ]
        ], 
        "GRB2": [
            [
                {
                    "EGFR": 0, 
                    "SPRY": 1
                }, 
                {
                    "GRB2": 1, 
                    "EGFR": 0
                }, 
                {
                    "EGFR": 0, 
                    "FGFR3": 0
                }
            ], 
            [
                {
                    "GRB2": 0, 
                    "FGFR3": 1, 
                    "SPRY": 0
                }, 
                {
                    "EGFR": 1
                }
            ]
        ], 
        "E2F1_high": [
            [
                {
                    "RAS": 0, 
                    "E2F3_high": 0
                }, 
                {
                    "E2F1_medium": 0
                }, 
                {
                    "CHEK1_2_high": 0
                }, 
                {
                    "ATM_high": 0
                }
            ], 
            [
                {
                    "E2F1_medium": 1, 
                    "CHEK1_2_high": 1, 
                    "RAS": 1, 
                    "ATM_high": 1
                }, 
                {
                    "E2F1_medium": 1, 
                    "CHEK1_2_high": 1, 
                    "E2F3_high": 1, 
                    "ATM_high": 1
                }
            ]
        ], 
        "EGFR_stimulus": [
            [
                {
                    "EGFR_stimulus": 0
                }
            ], 
            [
                {
                    "EGFR_stimulus": 1
                }
            ]
        ], 
        "Growth_arrest": [
            [
                {
                    "p21CIP": 0
                }
            ], 
            [
                {
                    "p21CIP": 1
                }
            ]
        ]
    }, 
    "update": "asynchronous", 
    "markers": [
        "Proliferation", 
        "Growth_arrest", 
        "Apoptosis_medium", 
        "Apoptosis_high"
    ], 
    "phenotypes": [
        {
            "stateformula": "(!AKT&!ATM_high&!ATM_medium&!Apoptosis_high&!Apoptosis_medium&!CDC25A&!CHEK1_2_high&!CHEK1_2_medium&!CyclinA&!CyclinD1&!CyclinE1&!DNA_damage&!E2F1_high&!E2F1_medium&!E2F3_high&!E2F3_medium&!EGFR&!EGFR_stimulus&!FGFR3&!FGFR3_stimulus&!GRB2&!Growth_arrest&!Growth_inhibitors&!MDM2&!PI3K&!PTEN&!Proliferation&!RAS&!SPRY&!TP53&!p14ARF&!p16INK4a&!p21CIP)", 
            "oscillating_markers": [], 
            "name": "Pheno A", 
            "activated_markers": [], 
            "pattern": "0000", 
            "states": [
                {
                    "is_steady": true, 
                    "prop": "!AKT&!ATM_high&!ATM_medium&!Apoptosis_high&!Apoptosis_medium&!CDC25A&!CHEK1_2_high&!CHEK1_2_medium&!CyclinA&!CyclinD1&!CyclinE1&!DNA_damage&!E2F1_high&!E2F1_medium&!E2F3_high&!E2F3_medium&!EGFR&!EGFR_stimulus&!FGFR3&!FGFR3_stimulus&!GRB2&!Growth_arrest&!Growth_inhibitors&!MDM2&!PI3K&!PTEN&!Proliferation&!RAS&!SPRY&!TP53&!p14ARF&!p16INK4a&!p21CIP", 
                    "dict": {
                        "E2F1_medium": 0, 
                        "EGFR": 0, 
                        "E2F3_high": 0, 
                        "AKT": 0, 
                        "ATM_medium": 0, 
                        "CyclinE1": 0, 
                        "p14ARF": 0, 
                        "CyclinA": 0, 
                        "DNA_damage": 0, 
                        "PTEN": 0, 
                        "Apoptosis_medium": 0, 
                        "PI3K": 0, 
                        "RAS": 0, 
                        "CHEK1_2_medium": 0, 
                        "Growth_inhibitors": 0, 
                        "p21CIP": 0, 
                        "Apoptosis_high": 0, 
                        "CDC25A": 0, 
                        "Proliferation": 0, 
                        "CHEK1_2_high": 0, 
                        "ATM_high": 0, 
                        "CyclinD1": 0, 
                        "MDM2": 0, 
                        "FGFR3": 0, 
                        "p16INK4a": 0, 
                        "TP53": 0, 
                        "FGFR3_stimulus": 0, 
                        "SPRY": 0, 
                        "E2F3_medium": 0, 
                        "GRB2": 0, 
                        "E2F1_high": 0, 
                        "EGFR_stimulus": 0, 
                        "Growth_arrest": 0
                    }, 
                    "str": "000000000000000000000000000000000", 
                    "mintrapspace": {
                        "dict": {
                            "E2F1_medium": 0, 
                            "EGFR": 0, 
                            "E2F3_high": 0, 
                            "AKT": 0, 
                            "ATM_medium": 0, 
                            "CyclinE1": 0, 
                            "MDM2": 0, 
                            "CyclinA": 0, 
                            "DNA_damage": 0, 
                            "E2F3_medium": 0, 
                            "Apoptosis_medium": 0, 
                            "PI3K": 0, 
                            "RAS": 0, 
                            "CHEK1_2_medium": 0, 
                            "E2F1_high": 0, 
                            "p21CIP": 0, 
                            "Apoptosis_high": 0, 
                            "CDC25A": 0, 
                            "Proliferation": 0, 
                            "CHEK1_2_high": 0, 
                            "ATM_high": 0, 
                            "CyclinD1": 0, 
                            "p14ARF": 0, 
                            "FGFR3": 0, 
                            "p16INK4a": 0, 
                            "TP53": 0, 
                            "FGFR3_stimulus": 0, 
                            "SPRY": 0, 
                            "PTEN": 0, 
                            "GRB2": 0, 
                            "Growth_inhibitors": 0, 
                            "EGFR_stimulus": 0, 
                            "Growth_arrest": 0
                        }, 
                        "str": "000000000000000000000000000000000", 
                        "prop": "!AKT&!ATM_high&!ATM_medium&!Apoptosis_high&!Apoptosis_medium&!CDC25A&!CHEK1_2_high&!CHEK1_2_medium&!CyclinA&!CyclinD1&!CyclinE1&!DNA_damage&!E2F1_high&!E2F1_medium&!E2F3_high&!E2F3_medium&!EGFR&!EGFR_stimulus&!FGFR3&!FGFR3_stimulus&!GRB2&!Growth_arrest&!Growth_inhibitors&!MDM2&!PI3K&!PTEN&!Proliferation&!RAS&!SPRY&!TP53&!p14ARF&!p16INK4a&!p21CIP"
                    }, 
                    "is_cyclic": false
                }
            ], 
            "inhibited_markers": [
                "Apoptosis_high", 
                "Apoptosis_medium", 
                "Growth_arrest", 
                "Proliferation"
            ]
        }, 
        {
            "stateformula": "(!AKT&!ATM_high&!ATM_medium&!Apoptosis_high&!Apoptosis_medium&!CDC25A&!CHEK1_2_high&!CHEK1_2_medium&!CyclinA&!CyclinD1&!CyclinE1&!DNA_damage&!E2F1_high&!E2F1_medium&!E2F3_high&!E2F3_medium&!EGFR&!EGFR_stimulus&!FGFR3&!FGFR3_stimulus&!GRB2&Growth_arrest&Growth_inhibitors&!MDM2&!PI3K&!PTEN&!Proliferation&!RAS&!SPRY&!TP53&!p14ARF&p16INK4a&p21CIP | !AKT&!ATM_high&!ATM_medium&!Apoptosis_high&!Apoptosis_medium&CDC25A&!CHEK1_2_high&!CHEK1_2_medium&!CyclinA&!CyclinD1&!CyclinE1&!DNA_damage&!E2F1_high&E2F1_medium&!E2F3_high&E2F3_medium&!EGFR&!EGFR_stimulus&FGFR3&FGFR3_stimulus&!GRB2&Growth_arrest&Growth_inhibitors&!MDM2&!PI3K&!PTEN&!Proliferation&RAS&SPRY&!TP53&p14ARF&p16INK4a&p21CIP | !AKT&!ATM_high&!ATM_medium&!Apoptosis_high&!Apoptosis_medium&CDC25A&!CHEK1_2_high&!CHEK1_2_medium&!CyclinA&!CyclinD1&!CyclinE1&!DNA_damage&!E2F1_high&E2F1_medium&!E2F3_high&E2F3_medium&!EGFR&EGFR_stimulus&FGFR3&FGFR3_stimulus&!GRB2&Growth_arrest&Growth_inhibitors&!MDM2&!PI3K&!PTEN&!Proliferation&RAS&SPRY&!TP53&p14ARF&p16INK4a&p21CIP | !AKT&!ATM_high&!ATM_medium&!Apoptosis_high&!Apoptosis_medium&CDC25A&!CHEK1_2_high&!CHEK1_2_medium&!CyclinA&!CyclinD1&!CyclinE1&DNA_damage&!E2F1_high&E2F1_medium&!E2F3_high&E2F3_medium&!EGFR&!EGFR_stimulus&FGFR3&FGFR3_stimulus&!GRB2&Growth_arrest&Growth_inhibitors&!MDM2&!PI3K&!PTEN&!Proliferation&RAS&SPRY&!TP53&p14ARF&p16INK4a&p21CIP | !AKT&!ATM_high&!ATM_medium&!Apoptosis_high&!Apoptosis_medium&CDC25A&!CHEK1_2_high&!CHEK1_2_medium&!CyclinA&!CyclinD1&!CyclinE1&DNA_damage&!E2F1_high&E2F1_medium&!E2F3_high&E2F3_medium&!EGFR&EGFR_stimulus&FGFR3&FGFR3_stimulus&!GRB2&Growth_arrest&Growth_inhibitors&!MDM2&!PI3K&!PTEN&!Proliferation&RAS&SPRY&!TP53&p14ARF&p16INK4a&p21CIP)", 
            "oscillating_markers": [], 
            "name": "Pheno B", 
            "activated_markers": [
                "Growth_arrest"
            ], 
            "pattern": "0100", 
            "states": [
                {
                    "is_steady": true, 
                    "prop": "!AKT&!ATM_high&!ATM_medium&!Apoptosis_high&!Apoptosis_medium&!CDC25A&!CHEK1_2_high&!CHEK1_2_medium&!CyclinA&!CyclinD1&!CyclinE1&!DNA_damage&!E2F1_high&!E2F1_medium&!E2F3_high&!E2F3_medium&!EGFR&!EGFR_stimulus&!FGFR3&!FGFR3_stimulus&!GRB2&Growth_arrest&Growth_inhibitors&!MDM2&!PI3K&!PTEN&!Proliferation&!RAS&!SPRY&!TP53&!p14ARF&p16INK4a&p21CIP", 
                    "dict": {
                        "E2F1_medium": 0, 
                        "EGFR": 0, 
                        "E2F3_high": 0, 
                        "AKT": 0, 
                        "ATM_medium": 0, 
                        "CyclinE1": 0, 
                        "p14ARF": 0, 
                        "CyclinA": 0, 
                        "DNA_damage": 0, 
                        "PTEN": 0, 
                        "Apoptosis_medium": 0, 
                        "PI3K": 0, 
                        "RAS": 0, 
                        "CHEK1_2_medium": 0, 
                        "Growth_inhibitors": 1, 
                        "p21CIP": 1, 
                        "Apoptosis_high": 0, 
                        "CDC25A": 0, 
                        "Proliferation": 0, 
                        "CHEK1_2_high": 0, 
                        "ATM_high": 0, 
                        "CyclinD1": 0, 
                        "MDM2": 0, 
                        "FGFR3": 0, 
                        "p16INK4a": 1, 
                        "TP53": 0, 
                        "FGFR3_stimulus": 0, 
                        "SPRY": 0, 
                        "E2F3_medium": 0, 
                        "GRB2": 0, 
                        "E2F1_high": 0, 
                        "EGFR_stimulus": 0, 
                        "Growth_arrest": 1
                    }, 
                    "str": "000000000000000000000110000000011", 
                    "mintrapspace": {
                        "dict": {
                            "E2F1_medium": 0, 
                            "EGFR": 0, 
                            "E2F3_high": 0, 
                            "AKT": 0, 
                            "ATM_medium": 0, 
                            "CyclinE1": 0, 
                            "MDM2": 0, 
                            "CyclinA": 0, 
                            "DNA_damage": 0, 
                            "E2F3_medium": 0, 
                            "Apoptosis_medium": 0, 
                            "PI3K": 0, 
                            "RAS": 0, 
                            "CHEK1_2_medium": 0, 
                            "E2F1_high": 0, 
                            "p21CIP": 1, 
                            "Apoptosis_high": 0, 
                            "CDC25A": 0, 
                            "Proliferation": 0, 
                            "CHEK1_2_high": 0, 
                            "ATM_high": 0, 
                            "CyclinD1": 0, 
                            "p14ARF": 0, 
                            "FGFR3": 0, 
                            "p16INK4a": 1, 
                            "TP53": 0, 
                            "FGFR3_stimulus": 0, 
                            "SPRY": 0, 
                            "PTEN": 0, 
                            "GRB2": 0, 
                            "Growth_inhibitors": 1, 
                            "EGFR_stimulus": 0, 
                            "Growth_arrest": 1
                        }, 
                        "str": "000000000000000000000110000000011", 
                        "prop": "!AKT&!ATM_high&!ATM_medium&!Apoptosis_high&!Apoptosis_medium&!CDC25A&!CHEK1_2_high&!CHEK1_2_medium&!CyclinA&!CyclinD1&!CyclinE1&!DNA_damage&!E2F1_high&!E2F1_medium&!E2F3_high&!E2F3_medium&!EGFR&!EGFR_stimulus&!FGFR3&!FGFR3_stimulus&!GRB2&Growth_arrest&Growth_inhibitors&!MDM2&!PI3K&!PTEN&!Proliferation&!RAS&!SPRY&!TP53&!p14ARF&p16INK4a&p21CIP"
                    }, 
                    "is_cyclic": false
                }, 
                {
                    "is_steady": true, 
                    "prop": "!AKT&!ATM_high&!ATM_medium&!Apoptosis_high&!Apoptosis_medium&CDC25A&!CHEK1_2_high&!CHEK1_2_medium&!CyclinA&!CyclinD1&!CyclinE1&!DNA_damage&!E2F1_high&E2F1_medium&!E2F3_high&E2F3_medium&!EGFR&!EGFR_stimulus&FGFR3&FGFR3_stimulus&!GRB2&Growth_arrest&Growth_inhibitors&!MDM2&!PI3K&!PTEN&!Proliferation&RAS&SPRY&!TP53&p14ARF&p16INK4a&p21CIP", 
                    "dict": {
                        "E2F1_medium": 1, 
                        "EGFR": 0, 
                        "E2F3_high": 0, 
                        "AKT": 0, 
                        "ATM_medium": 0, 
                        "CyclinE1": 0, 
                        "p14ARF": 1, 
                        "CyclinA": 0, 
                        "DNA_damage": 0, 
                        "PTEN": 0, 
                        "Apoptosis_medium": 0, 
                        "PI3K": 0, 
                        "RAS": 1, 
                        "CHEK1_2_medium": 0, 
                        "Growth_inhibitors": 1, 
                        "p21CIP": 1, 
                        "Apoptosis_high": 0, 
                        "CDC25A": 1, 
                        "Proliferation": 0, 
                        "CHEK1_2_high": 0, 
                        "ATM_high": 0, 
                        "CyclinD1": 0, 
                        "MDM2": 0, 
                        "FGFR3": 1, 
                        "p16INK4a": 1, 
                        "TP53": 0, 
                        "FGFR3_stimulus": 1, 
                        "SPRY": 1, 
                        "E2F3_medium": 1, 
                        "GRB2": 0, 
                        "E2F1_high": 0, 
                        "EGFR_stimulus": 0, 
                        "Growth_arrest": 1
                    }, 
                    "str": "000001000000010100110110000110111", 
                    "mintrapspace": {
                        "dict": {
                            "E2F1_medium": 1, 
                            "EGFR": 0, 
                            "E2F3_high": 0, 
                            "AKT": 0, 
                            "ATM_medium": 0, 
                            "CyclinE1": 0, 
                            "MDM2": 0, 
                            "CyclinA": 0, 
                            "DNA_damage": 0, 
                            "E2F3_medium": 1, 
                            "Apoptosis_medium": 0, 
                            "PI3K": 0, 
                            "RAS": 1, 
                            "CHEK1_2_medium": 0, 
                            "E2F1_high": 0, 
                            "p21CIP": 1, 
                            "Apoptosis_high": 0, 
                            "CDC25A": 1, 
                            "Proliferation": 0, 
                            "CHEK1_2_high": 0, 
                            "ATM_high": 0, 
                            "CyclinD1": 0, 
                            "p14ARF": 1, 
                            "FGFR3": 1, 
                            "p16INK4a": 1, 
                            "TP53": 0, 
                            "FGFR3_stimulus": 1, 
                            "SPRY": 1, 
                            "PTEN": 0, 
                            "GRB2": 0, 
                            "Growth_inhibitors": 1, 
                            "EGFR_stimulus": 0, 
                            "Growth_arrest": 1
                        }, 
                        "str": "000001000000010100110110000110111", 
                        "prop": "!AKT&!ATM_high&!ATM_medium&!Apoptosis_high&!Apoptosis_medium&CDC25A&!CHEK1_2_high&!CHEK1_2_medium&!CyclinA&!CyclinD1&!CyclinE1&!DNA_damage&!E2F1_high&E2F1_medium&!E2F3_high&E2F3_medium&!EGFR&!EGFR_stimulus&FGFR3&FGFR3_stimulus&!GRB2&Growth_arrest&Growth_inhibitors&!MDM2&!PI3K&!PTEN&!Proliferation&RAS&SPRY&!TP53&p14ARF&p16INK4a&p21CIP"
                    }, 
                    "is_cyclic": false
                }, 
                {
                    "is_steady": true, 
                    "prop": "!AKT&!ATM_high&!ATM_medium&!Apoptosis_high&!Apoptosis_medium&CDC25A&!CHEK1_2_high&!CHEK1_2_medium&!CyclinA&!CyclinD1&!CyclinE1&!DNA_damage&!E2F1_high&E2F1_medium&!E2F3_high&E2F3_medium&!EGFR&EGFR_stimulus&FGFR3&FGFR3_stimulus&!GRB2&Growth_arrest&Growth_inhibitors&!MDM2&!PI3K&!PTEN&!Proliferation&RAS&SPRY&!TP53&p14ARF&p16INK4a&p21CIP", 
                    "dict": {
                        "E2F1_medium": 1, 
                        "EGFR": 0, 
                        "E2F3_high": 0, 
                        "AKT": 0, 
                        "ATM_medium": 0, 
                        "CyclinE1": 0, 
                        "p14ARF": 1, 
                        "CyclinA": 0, 
                        "DNA_damage": 0, 
                        "PTEN": 0, 
                        "Apoptosis_medium": 0, 
                        "PI3K": 0, 
                        "RAS": 1, 
                        "CHEK1_2_medium": 0, 
                        "Growth_inhibitors": 1, 
                        "p21CIP": 1, 
                        "Apoptosis_high": 0, 
                        "CDC25A": 1, 
                        "Proliferation": 0, 
                        "CHEK1_2_high": 0, 
                        "ATM_high": 0, 
                        "CyclinD1": 0, 
                        "MDM2": 0, 
                        "FGFR3": 1, 
                        "p16INK4a": 1, 
                        "TP53": 0, 
                        "FGFR3_stimulus": 1, 
                        "SPRY": 1, 
                        "E2F3_medium": 1, 
                        "GRB2": 0, 
                        "E2F1_high": 0, 
                        "EGFR_stimulus": 1, 
                        "Growth_arrest": 1
                    }, 
                    "str": "000001000000010101110110000110111", 
                    "mintrapspace": {
                        "dict": {
                            "E2F1_medium": 1, 
                            "EGFR": 0, 
                            "E2F3_high": 0, 
                            "AKT": 0, 
                            "ATM_medium": 0, 
                            "CyclinE1": 0, 
                            "MDM2": 0, 
                            "CyclinA": 0, 
                            "DNA_damage": 0, 
                            "E2F3_medium": 1, 
                            "Apoptosis_medium": 0, 
                            "PI3K": 0, 
                            "RAS": 1, 
                            "CHEK1_2_medium": 0, 
                            "E2F1_high": 0, 
                            "p21CIP": 1, 
                            "Apoptosis_high": 0, 
                            "CDC25A": 1, 
                            "Proliferation": 0, 
                            "CHEK1_2_high": 0, 
                            "ATM_high": 0, 
                            "CyclinD1": 0, 
                            "p14ARF": 1, 
                            "FGFR3": 1, 
                            "p16INK4a": 1, 
                            "TP53": 0, 
                            "FGFR3_stimulus": 1, 
                            "SPRY": 1, 
                            "PTEN": 0, 
                            "GRB2": 0, 
                            "Growth_inhibitors": 1, 
                            "EGFR_stimulus": 1, 
                            "Growth_arrest": 1
                        }, 
                        "str": "000001000000010101110110000110111", 
                        "prop": "!AKT&!ATM_high&!ATM_medium&!Apoptosis_high&!Apoptosis_medium&CDC25A&!CHEK1_2_high&!CHEK1_2_medium&!CyclinA&!CyclinD1&!CyclinE1&!DNA_damage&!E2F1_high&E2F1_medium&!E2F3_high&E2F3_medium&!EGFR&EGFR_stimulus&FGFR3&FGFR3_stimulus&!GRB2&Growth_arrest&Growth_inhibitors&!MDM2&!PI3K&!PTEN&!Proliferation&RAS&SPRY&!TP53&p14ARF&p16INK4a&p21CIP"
                    }, 
                    "is_cyclic": false
                }, 
                {
                    "is_steady": true, 
                    "prop": "!AKT&!ATM_high&!ATM_medium&!Apoptosis_high&!Apoptosis_medium&CDC25A&!CHEK1_2_high&!CHEK1_2_medium&!CyclinA&!CyclinD1&!CyclinE1&DNA_damage&!E2F1_high&E2F1_medium&!E2F3_high&E2F3_medium&!EGFR&!EGFR_stimulus&FGFR3&FGFR3_stimulus&!GRB2&Growth_arrest&Growth_inhibitors&!MDM2&!PI3K&!PTEN&!Proliferation&RAS&SPRY&!TP53&p14ARF&p16INK4a&p21CIP", 
                    "dict": {
                        "E2F1_medium": 1, 
                        "EGFR": 0, 
                        "E2F3_high": 0, 
                        "AKT": 0, 
                        "ATM_medium": 0, 
                        "CyclinE1": 0, 
                        "p14ARF": 1, 
                        "CyclinA": 0, 
                        "DNA_damage": 1, 
                        "PTEN": 0, 
                        "Apoptosis_medium": 0, 
                        "PI3K": 0, 
                        "RAS": 1, 
                        "CHEK1_2_medium": 0, 
                        "Growth_inhibitors": 1, 
                        "p21CIP": 1, 
                        "Apoptosis_high": 0, 
                        "CDC25A": 1, 
                        "Proliferation": 0, 
                        "CHEK1_2_high": 0, 
                        "ATM_high": 0, 
                        "CyclinD1": 0, 
                        "MDM2": 0, 
                        "FGFR3": 1, 
                        "p16INK4a": 1, 
                        "TP53": 0, 
                        "FGFR3_stimulus": 1, 
                        "SPRY": 1, 
                        "E2F3_medium": 1, 
                        "GRB2": 0, 
                        "E2F1_high": 0, 
                        "EGFR_stimulus": 0, 
                        "Growth_arrest": 1
                    }, 
                    "str": "000001000001010100110110000110111", 
                    "mintrapspace": {
                        "dict": {
                            "E2F1_medium": 1, 
                            "EGFR": 0, 
                            "E2F3_high": 0, 
                            "AKT": 0, 
                            "ATM_medium": 0, 
                            "CyclinE1": 0, 
                            "MDM2": 0, 
                            "CyclinA": 0, 
                            "DNA_damage": 1, 
                            "E2F3_medium": 1, 
                            "Apoptosis_medium": 0, 
                            "PI3K": 0, 
                            "RAS": 1, 
                            "CHEK1_2_medium": 0, 
                            "E2F1_high": 0, 
                            "p21CIP": 1, 
                            "Apoptosis_high": 0, 
                            "CDC25A": 1, 
                            "Proliferation": 0, 
                            "CHEK1_2_high": 0, 
                            "ATM_high": 0, 
                            "CyclinD1": 0, 
                            "p14ARF": 1, 
                            "FGFR3": 1, 
                            "p16INK4a": 1, 
                            "TP53": 0, 
                            "FGFR3_stimulus": 1, 
                            "SPRY": 1, 
                            "PTEN": 0, 
                            "GRB2": 0, 
                            "Growth_inhibitors": 1, 
                            "EGFR_stimulus": 0, 
                            "Growth_arrest": 1
                        }, 
                        "str": "000001000001010100110110000110111", 
                        "prop": "!AKT&!ATM_high&!ATM_medium&!Apoptosis_high&!Apoptosis_medium&CDC25A&!CHEK1_2_high&!CHEK1_2_medium&!CyclinA&!CyclinD1&!CyclinE1&DNA_damage&!E2F1_high&E2F1_medium&!E2F3_high&E2F3_medium&!EGFR&!EGFR_stimulus&FGFR3&FGFR3_stimulus&!GRB2&Growth_arrest&Growth_inhibitors&!MDM2&!PI3K&!PTEN&!Proliferation&RAS&SPRY&!TP53&p14ARF&p16INK4a&p21CIP"
                    }, 
                    "is_cyclic": false
                }, 
                {
                    "is_steady": true, 
                    "prop": "!AKT&!ATM_high&!ATM_medium&!Apoptosis_high&!Apoptosis_medium&CDC25A&!CHEK1_2_high&!CHEK1_2_medium&!CyclinA&!CyclinD1&!CyclinE1&DNA_damage&!E2F1_high&E2F1_medium&!E2F3_high&E2F3_medium&!EGFR&EGFR_stimulus&FGFR3&FGFR3_stimulus&!GRB2&Growth_arrest&Growth_inhibitors&!MDM2&!PI3K&!PTEN&!Proliferation&RAS&SPRY&!TP53&p14ARF&p16INK4a&p21CIP", 
                    "dict": {
                        "E2F1_medium": 1, 
                        "EGFR": 0, 
                        "E2F3_high": 0, 
                        "AKT": 0, 
                        "ATM_medium": 0, 
                        "CyclinE1": 0, 
                        "p14ARF": 1, 
                        "CyclinA": 0, 
                        "DNA_damage": 1, 
                        "PTEN": 0, 
                        "Apoptosis_medium": 0, 
                        "PI3K": 0, 
                        "RAS": 1, 
                        "CHEK1_2_medium": 0, 
                        "Growth_inhibitors": 1, 
                        "p21CIP": 1, 
                        "Apoptosis_high": 0, 
                        "CDC25A": 1, 
                        "Proliferation": 0, 
                        "CHEK1_2_high": 0, 
                        "ATM_high": 0, 
                        "CyclinD1": 0, 
                        "MDM2": 0, 
                        "FGFR3": 1, 
                        "p16INK4a": 1, 
                        "TP53": 0, 
                        "FGFR3_stimulus": 1, 
                        "SPRY": 1, 
                        "E2F3_medium": 1, 
                        "GRB2": 0, 
                        "E2F1_high": 0, 
                        "EGFR_stimulus": 1, 
                        "Growth_arrest": 1
                    }, 
                    "str": "000001000001010101110110000110111", 
                    "mintrapspace": {
                        "dict": {
                            "E2F1_medium": 1, 
                            "EGFR": 0, 
                            "E2F3_high": 0, 
                            "AKT": 0, 
                            "ATM_medium": 0, 
                            "CyclinE1": 0, 
                            "MDM2": 0, 
                            "CyclinA": 0, 
                            "DNA_damage": 1, 
                            "E2F3_medium": 1, 
                            "Apoptosis_medium": 0, 
                            "PI3K": 0, 
                            "RAS": 1, 
                            "CHEK1_2_medium": 0, 
                            "E2F1_high": 0, 
                            "p21CIP": 1, 
                            "Apoptosis_high": 0, 
                            "CDC25A": 1, 
                            "Proliferation": 0, 
                            "CHEK1_2_high": 0, 
                            "ATM_high": 0, 
                            "CyclinD1": 0, 
                            "p14ARF": 1, 
                            "FGFR3": 1, 
                            "p16INK4a": 1, 
                            "TP53": 0, 
                            "FGFR3_stimulus": 1, 
                            "SPRY": 1, 
                            "PTEN": 0, 
                            "GRB2": 0, 
                            "Growth_inhibitors": 1, 
                            "EGFR_stimulus": 1, 
                            "Growth_arrest": 1
                        }, 
                        "str": "000001000001010101110110000110111", 
                        "prop": "!AKT&!ATM_high&!ATM_medium&!Apoptosis_high&!Apoptosis_medium&CDC25A&!CHEK1_2_high&!CHEK1_2_medium&!CyclinA&!CyclinD1&!CyclinE1&DNA_damage&!E2F1_high&E2F1_medium&!E2F3_high&E2F3_medium&!EGFR&EGFR_stimulus&FGFR3&FGFR3_stimulus&!GRB2&Growth_arrest&Growth_inhibitors&!MDM2&!PI3K&!PTEN&!Proliferation&RAS&SPRY&!TP53&p14ARF&p16INK4a&p21CIP"
                    }, 
                    "is_cyclic": false
                }
            ], 
            "inhibited_markers": [
                "Apoptosis_high", 
                "Apoptosis_medium", 
                "Proliferation"
            ]
        }, 
        {
            "stateformula": "(!AKT&!ATM_high&!ATM_medium&!Apoptosis_high&!Apoptosis_medium&CDC25A&!CHEK1_2_high&!CHEK1_2_medium&CyclinA&!CyclinD1&CyclinE1&!DNA_damage&!E2F1_high&E2F1_medium&!E2F3_high&!E2F3_medium&EGFR&EGFR_stimulus&!FGFR3&!FGFR3_stimulus&GRB2&!Growth_arrest&!Growth_inhibitors&!MDM2&!PI3K&!PTEN&Proliferation&RAS&SPRY&!TP53&p14ARF&!p16INK4a&!p21CIP)", 
            "oscillating_markers": [
                "Proliferation"
            ], 
            "name": "Pheno C", 
            "activated_markers": [], 
            "pattern": "-000", 
            "states": [
                {
                    "is_steady": false, 
                    "prop": "!AKT&!ATM_high&!ATM_medium&!Apoptosis_high&!Apoptosis_medium&CDC25A&!CHEK1_2_high&!CHEK1_2_medium&CyclinA&!CyclinD1&CyclinE1&!DNA_damage&!E2F1_high&E2F1_medium&!E2F3_high&!E2F3_medium&EGFR&EGFR_stimulus&!FGFR3&!FGFR3_stimulus&GRB2&!Growth_arrest&!Growth_inhibitors&!MDM2&!PI3K&!PTEN&Proliferation&RAS&SPRY&!TP53&p14ARF&!p16INK4a&!p21CIP", 
                    "dict": {
                        "E2F1_medium": 1, 
                        "EGFR": 1, 
                        "E2F3_high": 0, 
                        "AKT": 0, 
                        "ATM_medium": 0, 
                        "CyclinE1": 1, 
                        "p14ARF": 1, 
                        "CyclinA": 1, 
                        "DNA_damage": 0, 
                        "PTEN": 0, 
                        "Apoptosis_medium": 0, 
                        "p21CIP": 0, 
                        "RAS": 1, 
                        "CHEK1_2_medium": 0, 
                        "E2F1_high": 0, 
                        "PI3K": 0, 
                        "Apoptosis_high": 0, 
                        "CDC25A": 1, 
                        "Proliferation": 1, 
                        "CHEK1_2_high": 0, 
                        "ATM_high": 0, 
                        "CyclinD1": 0, 
                        "MDM2": 0, 
                        "FGFR3": 0, 
                        "p16INK4a": 0, 
                        "TP53": 0, 
                        "FGFR3_stimulus": 0, 
                        "SPRY": 1, 
                        "E2F3_medium": 0, 
                        "GRB2": 1, 
                        "Growth_inhibitors": 0, 
                        "EGFR_stimulus": 1, 
                        "Growth_arrest": 0
                    }, 
                    "str": "000001001010010011001000001110100", 
                    "mintrapspace": {
                        "dict": {
                            "p21CIP": 0, 
                            "Apoptosis_high": 0, 
                            "E2F3_high": 0, 
                            "CHEK1_2_high": 0, 
                            "ATM_high": 0, 
                            "ATM_medium": 0, 
                            "FGFR3": 0, 
                            "p16INK4a": 0, 
                            "DNA_damage": 0, 
                            "TP53": 0, 
                            "FGFR3_stimulus": 0, 
                            "Apoptosis_medium": 0, 
                            "PTEN": 0, 
                            "Growth_inhibitors": 0, 
                            "EGFR_stimulus": 1, 
                            "CHEK1_2_medium": 0, 
                            "E2F1_high": 0, 
                            "Growth_arrest": 0
                        }, 
                        "str": "-0000-00---00-0--100-00--0---0-00", 
                        "prop": "!ATM_high&!ATM_medium&!Apoptosis_high&!Apoptosis_medium&!CHEK1_2_high&!CHEK1_2_medium&!DNA_damage&!E2F1_high&!E2F3_high&EGFR_stimulus&!FGFR3&!FGFR3_stimulus&!Growth_arrest&!Growth_inhibitors&!PTEN&!TP53&!p16INK4a&!p21CIP"
                    }, 
                    "is_cyclic": true
                }
            ], 
            "inhibited_markers": [
                "Apoptosis_high", 
                "Apoptosis_medium", 
                "Growth_arrest"
            ]
        }, 
        {
            "stateformula": "(!AKT&!ATM_high&!ATM_medium&!Apoptosis_high&!Apoptosis_medium&CDC25A&!CHEK1_2_high&!CHEK1_2_medium&CyclinA&!CyclinD1&CyclinE1&!DNA_damage&!E2F1_high&E2F1_medium&!E2F3_high&E2F3_medium&!EGFR&!EGFR_stimulus&FGFR3&FGFR3_stimulus&!GRB2&!Growth_arrest&Growth_inhibitors&!MDM2&!PI3K&!PTEN&Proliferation&RAS&SPRY&!TP53&p14ARF&p16INK4a&!p21CIP | !AKT&!ATM_high&!ATM_medium&!Apoptosis_high&!Apoptosis_medium&CDC25A&!CHEK1_2_high&!CHEK1_2_medium&CyclinA&!CyclinD1&CyclinE1&!DNA_damage&!E2F1_high&E2F1_medium&!E2F3_high&E2F3_medium&!EGFR&EGFR_stimulus&FGFR3&FGFR3_stimulus&!GRB2&!Growth_arrest&Growth_inhibitors&!MDM2&!PI3K&!PTEN&Proliferation&RAS&SPRY&!TP53&p14ARF&p16INK4a&!p21CIP | !AKT&!ATM_high&!ATM_medium&!Apoptosis_high&!Apoptosis_medium&CDC25A&!CHEK1_2_high&!CHEK1_2_medium&CyclinA&!CyclinD1&CyclinE1&DNA_damage&!E2F1_high&E2F1_medium&!E2F3_high&E2F3_medium&!EGFR&!EGFR_stimulus&FGFR3&FGFR3_stimulus&!GRB2&!Growth_arrest&Growth_inhibitors&!MDM2&!PI3K&!PTEN&Proliferation&RAS&SPRY&!TP53&p14ARF&p16INK4a&!p21CIP | !AKT&!ATM_high&!ATM_medium&!Apoptosis_high&!Apoptosis_medium&CDC25A&!CHEK1_2_high&!CHEK1_2_medium&CyclinA&!CyclinD1&CyclinE1&DNA_damage&!E2F1_high&E2F1_medium&!E2F3_high&E2F3_medium&!EGFR&EGFR_stimulus&FGFR3&FGFR3_stimulus&!GRB2&!Growth_arrest&Growth_inhibitors&!MDM2&!PI3K&!PTEN&Proliferation&RAS&SPRY&!TP53&p14ARF&p16INK4a&!p21CIP | !AKT&!ATM_high&!ATM_medium&!Apoptosis_high&!Apoptosis_medium&CDC25A&!CHEK1_2_high&!CHEK1_2_medium&CyclinA&CyclinD1&CyclinE1&!DNA_damage&!E2F1_high&E2F1_medium&!E2F3_high&E2F3_medium&!EGFR&!EGFR_stimulus&FGFR3&FGFR3_stimulus&!GRB2&!Growth_arrest&!Growth_inhibitors&!MDM2&!PI3K&!PTEN&Proliferation&RAS&SPRY&!TP53&p14ARF&!p16INK4a&!p21CIP | !AKT&!ATM_high&!ATM_medium&!Apoptosis_high&!Apoptosis_medium&CDC25A&!CHEK1_2_high&!CHEK1_2_medium&CyclinA&CyclinD1&CyclinE1&!DNA_damage&!E2F1_high&E2F1_medium&!E2F3_high&E2F3_medium&!EGFR&EGFR_stimulus&FGFR3&FGFR3_stimulus&!GRB2&!Growth_arrest&!Growth_inhibitors&!MDM2&!PI3K&!PTEN&Proliferation&RAS&SPRY&!TP53&p14ARF&!p16INK4a&!p21CIP | !AKT&!ATM_high&!ATM_medium&!Apoptosis_high&!Apoptosis_medium&CDC25A&!CHEK1_2_high&!CHEK1_2_medium&CyclinA&CyclinD1&CyclinE1&DNA_damage&!E2F1_high&E2F1_medium&!E2F3_high&E2F3_medium&!EGFR&!EGFR_stimulus&FGFR3&FGFR3_stimulus&!GRB2&!Growth_arrest&!Growth_inhibitors&!MDM2&!PI3K&!PTEN&Proliferation&RAS&SPRY&!TP53&p14ARF&!p16INK4a&!p21CIP | !AKT&!ATM_high&!ATM_medium&!Apoptosis_high&!Apoptosis_medium&CDC25A&!CHEK1_2_high&!CHEK1_2_medium&CyclinA&CyclinD1&CyclinE1&DNA_damage&!E2F1_high&E2F1_medium&!E2F3_high&E2F3_medium&!EGFR&EGFR_stimulus&FGFR3&FGFR3_stimulus&!GRB2&!Growth_arrest&!Growth_inhibitors&!MDM2&!PI3K&!PTEN&Proliferation&RAS&SPRY&!TP53&p14ARF&!p16INK4a&!p21CIP)", 
            "oscillating_markers": [], 
            "name": "Pheno D", 
            "activated_markers": [
                "Proliferation"
            ], 
            "pattern": "1000", 
            "states": [
                {
                    "is_steady": true, 
                    "prop": "!AKT&!ATM_high&!ATM_medium&!Apoptosis_high&!Apoptosis_medium&CDC25A&!CHEK1_2_high&!CHEK1_2_medium&CyclinA&!CyclinD1&CyclinE1&!DNA_damage&!E2F1_high&E2F1_medium&!E2F3_high&E2F3_medium&!EGFR&!EGFR_stimulus&FGFR3&FGFR3_stimulus&!GRB2&!Growth_arrest&Growth_inhibitors&!MDM2&!PI3K&!PTEN&Proliferation&RAS&SPRY&!TP53&p14ARF&p16INK4a&!p21CIP", 
                    "dict": {
                        "E2F1_medium": 1, 
                        "EGFR": 0, 
                        "E2F3_high": 0, 
                        "AKT": 0, 
                        "ATM_medium": 0, 
                        "CyclinE1": 1, 
                        "p14ARF": 1, 
                        "CyclinA": 1, 
                        "DNA_damage": 0, 
                        "PTEN": 0, 
                        "Apoptosis_medium": 0, 
                        "PI3K": 0, 
                        "RAS": 1, 
                        "CHEK1_2_medium": 0, 
                        "Growth_inhibitors": 1, 
                        "p21CIP": 0, 
                        "Apoptosis_high": 0, 
                        "CDC25A": 1, 
                        "Proliferation": 1, 
                        "CHEK1_2_high": 0, 
                        "ATM_high": 0, 
                        "CyclinD1": 0, 
                        "MDM2": 0, 
                        "FGFR3": 1, 
                        "p16INK4a": 1, 
                        "TP53": 0, 
                        "FGFR3_stimulus": 1, 
                        "SPRY": 1, 
                        "E2F3_medium": 1, 
                        "GRB2": 0, 
                        "E2F1_high": 0, 
                        "EGFR_stimulus": 0, 
                        "Growth_arrest": 0
                    }, 
                    "str": "000001001010010100110010001110110", 
                    "mintrapspace": {
                        "dict": {
                            "E2F1_medium": 1, 
                            "EGFR": 0, 
                            "E2F3_high": 0, 
                            "AKT": 0, 
                            "ATM_medium": 0, 
                            "CyclinE1": 1, 
                            "MDM2": 0, 
                            "CyclinA": 1, 
                            "DNA_damage": 0, 
                            "E2F3_medium": 1, 
                            "Apoptosis_medium": 0, 
                            "PI3K": 0, 
                            "RAS": 1, 
                            "CHEK1_2_medium": 0, 
                            "E2F1_high": 0, 
                            "p21CIP": 0, 
                            "Apoptosis_high": 0, 
                            "CDC25A": 1, 
                            "Proliferation": 1, 
                            "CHEK1_2_high": 0, 
                            "ATM_high": 0, 
                            "CyclinD1": 0, 
                            "p14ARF": 1, 
                            "FGFR3": 1, 
                            "p16INK4a": 1, 
                            "TP53": 0, 
                            "FGFR3_stimulus": 1, 
                            "SPRY": 1, 
                            "PTEN": 0, 
                            "GRB2": 0, 
                            "Growth_inhibitors": 1, 
                            "EGFR_stimulus": 0, 
                            "Growth_arrest": 0
                        }, 
                        "str": "000001001010010100110010001110110", 
                        "prop": "!AKT&!ATM_high&!ATM_medium&!Apoptosis_high&!Apoptosis_medium&CDC25A&!CHEK1_2_high&!CHEK1_2_medium&CyclinA&!CyclinD1&CyclinE1&!DNA_damage&!E2F1_high&E2F1_medium&!E2F3_high&E2F3_medium&!EGFR&!EGFR_stimulus&FGFR3&FGFR3_stimulus&!GRB2&!Growth_arrest&Growth_inhibitors&!MDM2&!PI3K&!PTEN&Proliferation&RAS&SPRY&!TP53&p14ARF&p16INK4a&!p21CIP"
                    }, 
                    "is_cyclic": false
                }, 
                {
                    "is_steady": true, 
                    "prop": "!AKT&!ATM_high&!ATM_medium&!Apoptosis_high&!Apoptosis_medium&CDC25A&!CHEK1_2_high&!CHEK1_2_medium&CyclinA&!CyclinD1&CyclinE1&!DNA_damage&!E2F1_high&E2F1_medium&!E2F3_high&E2F3_medium&!EGFR&EGFR_stimulus&FGFR3&FGFR3_stimulus&!GRB2&!Growth_arrest&Growth_inhibitors&!MDM2&!PI3K&!PTEN&Proliferation&RAS&SPRY&!TP53&p14ARF&p16INK4a&!p21CIP", 
                    "dict": {
                        "E2F1_medium": 1, 
                        "EGFR": 0, 
                        "E2F3_high": 0, 
                        "AKT": 0, 
                        "ATM_medium": 0, 
                        "CyclinE1": 1, 
                        "p14ARF": 1, 
                        "CyclinA": 1, 
                        "DNA_damage": 0, 
                        "PTEN": 0, 
                        "Apoptosis_medium": 0, 
                        "PI3K": 0, 
                        "RAS": 1, 
                        "CHEK1_2_medium": 0, 
                        "Growth_inhibitors": 1, 
                        "p21CIP": 0, 
                        "Apoptosis_high": 0, 
                        "CDC25A": 1, 
                        "Proliferation": 1, 
                        "CHEK1_2_high": 0, 
                        "ATM_high": 0, 
                        "CyclinD1": 0, 
                        "MDM2": 0, 
                        "FGFR3": 1, 
                        "p16INK4a": 1, 
                        "TP53": 0, 
                        "FGFR3_stimulus": 1, 
                        "SPRY": 1, 
                        "E2F3_medium": 1, 
                        "GRB2": 0, 
                        "E2F1_high": 0, 
                        "EGFR_stimulus": 1, 
                        "Growth_arrest": 0
                    }, 
                    "str": "000001001010010101110010001110110", 
                    "mintrapspace": {
                        "dict": {
                            "E2F1_medium": 1, 
                            "EGFR": 0, 
                            "E2F3_high": 0, 
                            "AKT": 0, 
                            "ATM_medium": 0, 
                            "CyclinE1": 1, 
                            "MDM2": 0, 
                            "CyclinA": 1, 
                            "DNA_damage": 0, 
                            "E2F3_medium": 1, 
                            "Apoptosis_medium": 0, 
                            "PI3K": 0, 
                            "RAS": 1, 
                            "CHEK1_2_medium": 0, 
                            "E2F1_high": 0, 
                            "p21CIP": 0, 
                            "Apoptosis_high": 0, 
                            "CDC25A": 1, 
                            "Proliferation": 1, 
                            "CHEK1_2_high": 0, 
                            "ATM_high": 0, 
                            "CyclinD1": 0, 
                            "p14ARF": 1, 
                            "FGFR3": 1, 
                            "p16INK4a": 1, 
                            "TP53": 0, 
                            "FGFR3_stimulus": 1, 
                            "SPRY": 1, 
                            "PTEN": 0, 
                            "GRB2": 0, 
                            "Growth_inhibitors": 1, 
                            "EGFR_stimulus": 1, 
                            "Growth_arrest": 0
                        }, 
                        "str": "000001001010010101110010001110110", 
                        "prop": "!AKT&!ATM_high&!ATM_medium&!Apoptosis_high&!Apoptosis_medium&CDC25A&!CHEK1_2_high&!CHEK1_2_medium&CyclinA&!CyclinD1&CyclinE1&!DNA_damage&!E2F1_high&E2F1_medium&!E2F3_high&E2F3_medium&!EGFR&EGFR_stimulus&FGFR3&FGFR3_stimulus&!GRB2&!Growth_arrest&Growth_inhibitors&!MDM2&!PI3K&!PTEN&Proliferation&RAS&SPRY&!TP53&p14ARF&p16INK4a&!p21CIP"
                    }, 
                    "is_cyclic": false
                }, 
                {
                    "is_steady": true, 
                    "prop": "!AKT&!ATM_high&!ATM_medium&!Apoptosis_high&!Apoptosis_medium&CDC25A&!CHEK1_2_high&!CHEK1_2_medium&CyclinA&!CyclinD1&CyclinE1&DNA_damage&!E2F1_high&E2F1_medium&!E2F3_high&E2F3_medium&!EGFR&!EGFR_stimulus&FGFR3&FGFR3_stimulus&!GRB2&!Growth_arrest&Growth_inhibitors&!MDM2&!PI3K&!PTEN&Proliferation&RAS&SPRY&!TP53&p14ARF&p16INK4a&!p21CIP", 
                    "dict": {
                        "E2F1_medium": 1, 
                        "EGFR": 0, 
                        "E2F3_high": 0, 
                        "AKT": 0, 
                        "ATM_medium": 0, 
                        "CyclinE1": 1, 
                        "p14ARF": 1, 
                        "CyclinA": 1, 
                        "DNA_damage": 1, 
                        "PTEN": 0, 
                        "Apoptosis_medium": 0, 
                        "PI3K": 0, 
                        "RAS": 1, 
                        "CHEK1_2_medium": 0, 
                        "Growth_inhibitors": 1, 
                        "p21CIP": 0, 
                        "Apoptosis_high": 0, 
                        "CDC25A": 1, 
                        "Proliferation": 1, 
                        "CHEK1_2_high": 0, 
                        "ATM_high": 0, 
                        "CyclinD1": 0, 
                        "MDM2": 0, 
                        "FGFR3": 1, 
                        "p16INK4a": 1, 
                        "TP53": 0, 
                        "FGFR3_stimulus": 1, 
                        "SPRY": 1, 
                        "E2F3_medium": 1, 
                        "GRB2": 0, 
                        "E2F1_high": 0, 
                        "EGFR_stimulus": 0, 
                        "Growth_arrest": 0
                    }, 
                    "str": "000001001011010100110010001110110", 
                    "mintrapspace": {
                        "dict": {
                            "E2F1_medium": 1, 
                            "EGFR": 0, 
                            "E2F3_high": 0, 
                            "AKT": 0, 
                            "ATM_medium": 0, 
                            "CyclinE1": 1, 
                            "MDM2": 0, 
                            "CyclinA": 1, 
                            "DNA_damage": 1, 
                            "E2F3_medium": 1, 
                            "Apoptosis_medium": 0, 
                            "PI3K": 0, 
                            "RAS": 1, 
                            "CHEK1_2_medium": 0, 
                            "E2F1_high": 0, 
                            "p21CIP": 0, 
                            "Apoptosis_high": 0, 
                            "CDC25A": 1, 
                            "Proliferation": 1, 
                            "CHEK1_2_high": 0, 
                            "ATM_high": 0, 
                            "CyclinD1": 0, 
                            "p14ARF": 1, 
                            "FGFR3": 1, 
                            "p16INK4a": 1, 
                            "TP53": 0, 
                            "FGFR3_stimulus": 1, 
                            "SPRY": 1, 
                            "PTEN": 0, 
                            "GRB2": 0, 
                            "Growth_inhibitors": 1, 
                            "EGFR_stimulus": 0, 
                            "Growth_arrest": 0
                        }, 
                        "str": "000001001011010100110010001110110", 
                        "prop": "!AKT&!ATM_high&!ATM_medium&!Apoptosis_high&!Apoptosis_medium&CDC25A&!CHEK1_2_high&!CHEK1_2_medium&CyclinA&!CyclinD1&CyclinE1&DNA_damage&!E2F1_high&E2F1_medium&!E2F3_high&E2F3_medium&!EGFR&!EGFR_stimulus&FGFR3&FGFR3_stimulus&!GRB2&!Growth_arrest&Growth_inhibitors&!MDM2&!PI3K&!PTEN&Proliferation&RAS&SPRY&!TP53&p14ARF&p16INK4a&!p21CIP"
                    }, 
                    "is_cyclic": false
                }, 
                {
                    "is_steady": true, 
                    "prop": "!AKT&!ATM_high&!ATM_medium&!Apoptosis_high&!Apoptosis_medium&CDC25A&!CHEK1_2_high&!CHEK1_2_medium&CyclinA&!CyclinD1&CyclinE1&DNA_damage&!E2F1_high&E2F1_medium&!E2F3_high&E2F3_medium&!EGFR&EGFR_stimulus&FGFR3&FGFR3_stimulus&!GRB2&!Growth_arrest&Growth_inhibitors&!MDM2&!PI3K&!PTEN&Proliferation&RAS&SPRY&!TP53&p14ARF&p16INK4a&!p21CIP", 
                    "dict": {
                        "E2F1_medium": 1, 
                        "EGFR": 0, 
                        "E2F3_high": 0, 
                        "AKT": 0, 
                        "ATM_medium": 0, 
                        "CyclinE1": 1, 
                        "p14ARF": 1, 
                        "CyclinA": 1, 
                        "DNA_damage": 1, 
                        "PTEN": 0, 
                        "Apoptosis_medium": 0, 
                        "PI3K": 0, 
                        "RAS": 1, 
                        "CHEK1_2_medium": 0, 
                        "Growth_inhibitors": 1, 
                        "p21CIP": 0, 
                        "Apoptosis_high": 0, 
                        "CDC25A": 1, 
                        "Proliferation": 1, 
                        "CHEK1_2_high": 0, 
                        "ATM_high": 0, 
                        "CyclinD1": 0, 
                        "MDM2": 0, 
                        "FGFR3": 1, 
                        "p16INK4a": 1, 
                        "TP53": 0, 
                        "FGFR3_stimulus": 1, 
                        "SPRY": 1, 
                        "E2F3_medium": 1, 
                        "GRB2": 0, 
                        "E2F1_high": 0, 
                        "EGFR_stimulus": 1, 
                        "Growth_arrest": 0
                    }, 
                    "str": "000001001011010101110010001110110", 
                    "mintrapspace": {
                        "dict": {
                            "E2F1_medium": 1, 
                            "EGFR": 0, 
                            "E2F3_high": 0, 
                            "AKT": 0, 
                            "ATM_medium": 0, 
                            "CyclinE1": 1, 
                            "MDM2": 0, 
                            "CyclinA": 1, 
                            "DNA_damage": 1, 
                            "E2F3_medium": 1, 
                            "Apoptosis_medium": 0, 
                            "PI3K": 0, 
                            "RAS": 1, 
                            "CHEK1_2_medium": 0, 
                            "E2F1_high": 0, 
                            "p21CIP": 0, 
                            "Apoptosis_high": 0, 
                            "CDC25A": 1, 
                            "Proliferation": 1, 
                            "CHEK1_2_high": 0, 
                            "ATM_high": 0, 
                            "CyclinD1": 0, 
                            "p14ARF": 1, 
                            "FGFR3": 1, 
                            "p16INK4a": 1, 
                            "TP53": 0, 
                            "FGFR3_stimulus": 1, 
                            "SPRY": 1, 
                            "PTEN": 0, 
                            "GRB2": 0, 
                            "Growth_inhibitors": 1, 
                            "EGFR_stimulus": 1, 
                            "Growth_arrest": 0
                        }, 
                        "str": "000001001011010101110010001110110", 
                        "prop": "!AKT&!ATM_high&!ATM_medium&!Apoptosis_high&!Apoptosis_medium&CDC25A&!CHEK1_2_high&!CHEK1_2_medium&CyclinA&!CyclinD1&CyclinE1&DNA_damage&!E2F1_high&E2F1_medium&!E2F3_high&E2F3_medium&!EGFR&EGFR_stimulus&FGFR3&FGFR3_stimulus&!GRB2&!Growth_arrest&Growth_inhibitors&!MDM2&!PI3K&!PTEN&Proliferation&RAS&SPRY&!TP53&p14ARF&p16INK4a&!p21CIP"
                    }, 
                    "is_cyclic": false
                }, 
                {
                    "is_steady": true, 
                    "prop": "!AKT&!ATM_high&!ATM_medium&!Apoptosis_high&!Apoptosis_medium&CDC25A&!CHEK1_2_high&!CHEK1_2_medium&CyclinA&CyclinD1&CyclinE1&!DNA_damage&!E2F1_high&E2F1_medium&!E2F3_high&E2F3_medium&!EGFR&!EGFR_stimulus&FGFR3&FGFR3_stimulus&!GRB2&!Growth_arrest&!Growth_inhibitors&!MDM2&!PI3K&!PTEN&Proliferation&RAS&SPRY&!TP53&p14ARF&!p16INK4a&!p21CIP", 
                    "dict": {
                        "E2F1_medium": 1, 
                        "EGFR": 0, 
                        "E2F3_high": 0, 
                        "AKT": 0, 
                        "ATM_medium": 0, 
                        "CyclinE1": 1, 
                        "p14ARF": 1, 
                        "CyclinA": 1, 
                        "DNA_damage": 0, 
                        "PTEN": 0, 
                        "Apoptosis_medium": 0, 
                        "PI3K": 0, 
                        "RAS": 1, 
                        "CHEK1_2_medium": 0, 
                        "Growth_inhibitors": 0, 
                        "p21CIP": 0, 
                        "Apoptosis_high": 0, 
                        "CDC25A": 1, 
                        "Proliferation": 1, 
                        "CHEK1_2_high": 0, 
                        "ATM_high": 0, 
                        "CyclinD1": 1, 
                        "MDM2": 0, 
                        "FGFR3": 1, 
                        "p16INK4a": 0, 
                        "TP53": 0, 
                        "FGFR3_stimulus": 1, 
                        "SPRY": 1, 
                        "E2F3_medium": 1, 
                        "GRB2": 0, 
                        "E2F1_high": 0, 
                        "EGFR_stimulus": 0, 
                        "Growth_arrest": 0
                    }, 
                    "str": "000001001110010100110000001110100", 
                    "mintrapspace": {
                        "dict": {
                            "E2F1_medium": 1, 
                            "EGFR": 0, 
                            "E2F3_high": 0, 
                            "AKT": 0, 
                            "ATM_medium": 0, 
                            "CyclinE1": 1, 
                            "MDM2": 0, 
                            "CyclinA": 1, 
                            "DNA_damage": 0, 
                            "E2F3_medium": 1, 
                            "Apoptosis_medium": 0, 
                            "PI3K": 0, 
                            "RAS": 1, 
                            "CHEK1_2_medium": 0, 
                            "E2F1_high": 0, 
                            "p21CIP": 0, 
                            "Apoptosis_high": 0, 
                            "CDC25A": 1, 
                            "Proliferation": 1, 
                            "CHEK1_2_high": 0, 
                            "ATM_high": 0, 
                            "CyclinD1": 1, 
                            "p14ARF": 1, 
                            "FGFR3": 1, 
                            "p16INK4a": 0, 
                            "TP53": 0, 
                            "FGFR3_stimulus": 1, 
                            "SPRY": 1, 
                            "PTEN": 0, 
                            "GRB2": 0, 
                            "Growth_inhibitors": 0, 
                            "EGFR_stimulus": 0, 
                            "Growth_arrest": 0
                        }, 
                        "str": "000001001110010100110000001110100", 
                        "prop": "!AKT&!ATM_high&!ATM_medium&!Apoptosis_high&!Apoptosis_medium&CDC25A&!CHEK1_2_high&!CHEK1_2_medium&CyclinA&CyclinD1&CyclinE1&!DNA_damage&!E2F1_high&E2F1_medium&!E2F3_high&E2F3_medium&!EGFR&!EGFR_stimulus&FGFR3&FGFR3_stimulus&!GRB2&!Growth_arrest&!Growth_inhibitors&!MDM2&!PI3K&!PTEN&Proliferation&RAS&SPRY&!TP53&p14ARF&!p16INK4a&!p21CIP"
                    }, 
                    "is_cyclic": false
                }, 
                {
                    "is_steady": true, 
                    "prop": "!AKT&!ATM_high&!ATM_medium&!Apoptosis_high&!Apoptosis_medium&CDC25A&!CHEK1_2_high&!CHEK1_2_medium&CyclinA&CyclinD1&CyclinE1&!DNA_damage&!E2F1_high&E2F1_medium&!E2F3_high&E2F3_medium&!EGFR&EGFR_stimulus&FGFR3&FGFR3_stimulus&!GRB2&!Growth_arrest&!Growth_inhibitors&!MDM2&!PI3K&!PTEN&Proliferation&RAS&SPRY&!TP53&p14ARF&!p16INK4a&!p21CIP", 
                    "dict": {
                        "E2F1_medium": 1, 
                        "EGFR": 0, 
                        "E2F3_high": 0, 
                        "AKT": 0, 
                        "ATM_medium": 0, 
                        "CyclinE1": 1, 
                        "p14ARF": 1, 
                        "CyclinA": 1, 
                        "DNA_damage": 0, 
                        "PTEN": 0, 
                        "Apoptosis_medium": 0, 
                        "PI3K": 0, 
                        "RAS": 1, 
                        "CHEK1_2_medium": 0, 
                        "Growth_inhibitors": 0, 
                        "p21CIP": 0, 
                        "Apoptosis_high": 0, 
                        "CDC25A": 1, 
                        "Proliferation": 1, 
                        "CHEK1_2_high": 0, 
                        "ATM_high": 0, 
                        "CyclinD1": 1, 
                        "MDM2": 0, 
                        "FGFR3": 1, 
                        "p16INK4a": 0, 
                        "TP53": 0, 
                        "FGFR3_stimulus": 1, 
                        "SPRY": 1, 
                        "E2F3_medium": 1, 
                        "GRB2": 0, 
                        "E2F1_high": 0, 
                        "EGFR_stimulus": 1, 
                        "Growth_arrest": 0
                    }, 
                    "str": "000001001110010101110000001110100", 
                    "mintrapspace": {
                        "dict": {
                            "E2F1_medium": 1, 
                            "EGFR": 0, 
                            "E2F3_high": 0, 
                            "AKT": 0, 
                            "ATM_medium": 0, 
                            "CyclinE1": 1, 
                            "MDM2": 0, 
                            "CyclinA": 1, 
                            "DNA_damage": 0, 
                            "E2F3_medium": 1, 
                            "Apoptosis_medium": 0, 
                            "PI3K": 0, 
                            "RAS": 1, 
                            "CHEK1_2_medium": 0, 
                            "E2F1_high": 0, 
                            "p21CIP": 0, 
                            "Apoptosis_high": 0, 
                            "CDC25A": 1, 
                            "Proliferation": 1, 
                            "CHEK1_2_high": 0, 
                            "ATM_high": 0, 
                            "CyclinD1": 1, 
                            "p14ARF": 1, 
                            "FGFR3": 1, 
                            "p16INK4a": 0, 
                            "TP53": 0, 
                            "FGFR3_stimulus": 1, 
                            "SPRY": 1, 
                            "PTEN": 0, 
                            "GRB2": 0, 
                            "Growth_inhibitors": 0, 
                            "EGFR_stimulus": 1, 
                            "Growth_arrest": 0
                        }, 
                        "str": "000001001110010101110000001110100", 
                        "prop": "!AKT&!ATM_high&!ATM_medium&!Apoptosis_high&!Apoptosis_medium&CDC25A&!CHEK1_2_high&!CHEK1_2_medium&CyclinA&CyclinD1&CyclinE1&!DNA_damage&!E2F1_high&E2F1_medium&!E2F3_high&E2F3_medium&!EGFR&EGFR_stimulus&FGFR3&FGFR3_stimulus&!GRB2&!Growth_arrest&!Growth_inhibitors&!MDM2&!PI3K&!PTEN&Proliferation&RAS&SPRY&!TP53&p14ARF&!p16INK4a&!p21CIP"
                    }, 
                    "is_cyclic": false
                }, 
                {
                    "is_steady": true, 
                    "prop": "!AKT&!ATM_high&!ATM_medium&!Apoptosis_high&!Apoptosis_medium&CDC25A&!CHEK1_2_high&!CHEK1_2_medium&CyclinA&CyclinD1&CyclinE1&DNA_damage&!E2F1_high&E2F1_medium&!E2F3_high&E2F3_medium&!EGFR&!EGFR_stimulus&FGFR3&FGFR3_stimulus&!GRB2&!Growth_arrest&!Growth_inhibitors&!MDM2&!PI3K&!PTEN&Proliferation&RAS&SPRY&!TP53&p14ARF&!p16INK4a&!p21CIP", 
                    "dict": {
                        "E2F1_medium": 1, 
                        "EGFR": 0, 
                        "E2F3_high": 0, 
                        "AKT": 0, 
                        "ATM_medium": 0, 
                        "CyclinE1": 1, 
                        "p14ARF": 1, 
                        "CyclinA": 1, 
                        "DNA_damage": 1, 
                        "PTEN": 0, 
                        "Apoptosis_medium": 0, 
                        "PI3K": 0, 
                        "RAS": 1, 
                        "CHEK1_2_medium": 0, 
                        "Growth_inhibitors": 0, 
                        "p21CIP": 0, 
                        "Apoptosis_high": 0, 
                        "CDC25A": 1, 
                        "Proliferation": 1, 
                        "CHEK1_2_high": 0, 
                        "ATM_high": 0, 
                        "CyclinD1": 1, 
                        "MDM2": 0, 
                        "FGFR3": 1, 
                        "p16INK4a": 0, 
                        "TP53": 0, 
                        "FGFR3_stimulus": 1, 
                        "SPRY": 1, 
                        "E2F3_medium": 1, 
                        "GRB2": 0, 
                        "E2F1_high": 0, 
                        "EGFR_stimulus": 0, 
                        "Growth_arrest": 0
                    }, 
                    "str": "000001001111010100110000001110100", 
                    "mintrapspace": {
                        "dict": {
                            "E2F1_medium": 1, 
                            "EGFR": 0, 
                            "E2F3_high": 0, 
                            "AKT": 0, 
                            "ATM_medium": 0, 
                            "CyclinE1": 1, 
                            "MDM2": 0, 
                            "CyclinA": 1, 
                            "DNA_damage": 1, 
                            "E2F3_medium": 1, 
                            "Apoptosis_medium": 0, 
                            "PI3K": 0, 
                            "RAS": 1, 
                            "CHEK1_2_medium": 0, 
                            "E2F1_high": 0, 
                            "p21CIP": 0, 
                            "Apoptosis_high": 0, 
                            "CDC25A": 1, 
                            "Proliferation": 1, 
                            "CHEK1_2_high": 0, 
                            "ATM_high": 0, 
                            "CyclinD1": 1, 
                            "p14ARF": 1, 
                            "FGFR3": 1, 
                            "p16INK4a": 0, 
                            "TP53": 0, 
                            "FGFR3_stimulus": 1, 
                            "SPRY": 1, 
                            "PTEN": 0, 
                            "GRB2": 0, 
                            "Growth_inhibitors": 0, 
                            "EGFR_stimulus": 0, 
                            "Growth_arrest": 0
                        }, 
                        "str": "000001001111010100110000001110100", 
                        "prop": "!AKT&!ATM_high&!ATM_medium&!Apoptosis_high&!Apoptosis_medium&CDC25A&!CHEK1_2_high&!CHEK1_2_medium&CyclinA&CyclinD1&CyclinE1&DNA_damage&!E2F1_high&E2F1_medium&!E2F3_high&E2F3_medium&!EGFR&!EGFR_stimulus&FGFR3&FGFR3_stimulus&!GRB2&!Growth_arrest&!Growth_inhibitors&!MDM2&!PI3K&!PTEN&Proliferation&RAS&SPRY&!TP53&p14ARF&!p16INK4a&!p21CIP"
                    }, 
                    "is_cyclic": false
                }, 
                {
                    "is_steady": true, 
                    "prop": "!AKT&!ATM_high&!ATM_medium&!Apoptosis_high&!Apoptosis_medium&CDC25A&!CHEK1_2_high&!CHEK1_2_medium&CyclinA&CyclinD1&CyclinE1&DNA_damage&!E2F1_high&E2F1_medium&!E2F3_high&E2F3_medium&!EGFR&EGFR_stimulus&FGFR3&FGFR3_stimulus&!GRB2&!Growth_arrest&!Growth_inhibitors&!MDM2&!PI3K&!PTEN&Proliferation&RAS&SPRY&!TP53&p14ARF&!p16INK4a&!p21CIP", 
                    "dict": {
                        "E2F1_medium": 1, 
                        "EGFR": 0, 
                        "E2F3_high": 0, 
                        "AKT": 0, 
                        "ATM_medium": 0, 
                        "CyclinE1": 1, 
                        "p14ARF": 1, 
                        "CyclinA": 1, 
                        "DNA_damage": 1, 
                        "PTEN": 0, 
                        "Apoptosis_medium": 0, 
                        "PI3K": 0, 
                        "RAS": 1, 
                        "CHEK1_2_medium": 0, 
                        "Growth_inhibitors": 0, 
                        "p21CIP": 0, 
                        "Apoptosis_high": 0, 
                        "CDC25A": 1, 
                        "Proliferation": 1, 
                        "CHEK1_2_high": 0, 
                        "ATM_high": 0, 
                        "CyclinD1": 1, 
                        "MDM2": 0, 
                        "FGFR3": 1, 
                        "p16INK4a": 0, 
                        "TP53": 0, 
                        "FGFR3_stimulus": 1, 
                        "SPRY": 1, 
                        "E2F3_medium": 1, 
                        "GRB2": 0, 
                        "E2F1_high": 0, 
                        "EGFR_stimulus": 1, 
                        "Growth_arrest": 0
                    }, 
                    "str": "000001001111010101110000001110100", 
                    "mintrapspace": {
                        "dict": {
                            "E2F1_medium": 1, 
                            "EGFR": 0, 
                            "E2F3_high": 0, 
                            "AKT": 0, 
                            "ATM_medium": 0, 
                            "CyclinE1": 1, 
                            "MDM2": 0, 
                            "CyclinA": 1, 
                            "DNA_damage": 1, 
                            "E2F3_medium": 1, 
                            "Apoptosis_medium": 0, 
                            "PI3K": 0, 
                            "RAS": 1, 
                            "CHEK1_2_medium": 0, 
                            "E2F1_high": 0, 
                            "p21CIP": 0, 
                            "Apoptosis_high": 0, 
                            "CDC25A": 1, 
                            "Proliferation": 1, 
                            "CHEK1_2_high": 0, 
                            "ATM_high": 0, 
                            "CyclinD1": 1, 
                            "p14ARF": 1, 
                            "FGFR3": 1, 
                            "p16INK4a": 0, 
                            "TP53": 0, 
                            "FGFR3_stimulus": 1, 
                            "SPRY": 1, 
                            "PTEN": 0, 
                            "GRB2": 0, 
                            "Growth_inhibitors": 0, 
                            "EGFR_stimulus": 1, 
                            "Growth_arrest": 0
                        }, 
                        "str": "000001001111010101110000001110100", 
                        "prop": "!AKT&!ATM_high&!ATM_medium&!Apoptosis_high&!Apoptosis_medium&CDC25A&!CHEK1_2_high&!CHEK1_2_medium&CyclinA&CyclinD1&CyclinE1&DNA_damage&!E2F1_high&E2F1_medium&!E2F3_high&E2F3_medium&!EGFR&EGFR_stimulus&FGFR3&FGFR3_stimulus&!GRB2&!Growth_arrest&!Growth_inhibitors&!MDM2&!PI3K&!PTEN&Proliferation&RAS&SPRY&!TP53&p14ARF&!p16INK4a&!p21CIP"
                    }, 
                    "is_cyclic": false
                }
            ], 
            "inhibited_markers": [
                "Apoptosis_high", 
                "Apoptosis_medium", 
                "Growth_arrest"
            ]
        }, 
        {
            "stateformula": "(!AKT&!ATM_high&ATM_medium&!Apoptosis_high&Apoptosis_medium&!CDC25A&!CHEK1_2_high&CHEK1_2_medium&!CyclinA&!CyclinD1&!CyclinE1&DNA_damage&!E2F1_high&!E2F1_medium&!E2F3_high&!E2F3_medium&!EGFR&!EGFR_stimulus&!FGFR3&!FGFR3_stimulus&!GRB2&Growth_arrest&!Growth_inhibitors&!MDM2&!PI3K&PTEN&!Proliferation&!RAS&!SPRY&TP53&!p14ARF&!p16INK4a&p21CIP | !AKT&!ATM_high&ATM_medium&!Apoptosis_high&Apoptosis_medium&!CDC25A&!CHEK1_2_high&CHEK1_2_medium&!CyclinA&!CyclinD1&!CyclinE1&DNA_damage&!E2F1_high&!E2F1_medium&!E2F3_high&!E2F3_medium&!EGFR&!EGFR_stimulus&!FGFR3&!FGFR3_stimulus&!GRB2&Growth_arrest&Growth_inhibitors&!MDM2&!PI3K&PTEN&!Proliferation&!RAS&!SPRY&TP53&!p14ARF&p16INK4a&p21CIP)", 
            "oscillating_markers": [], 
            "name": "Pheno E", 
            "activated_markers": [
                "Apoptosis_medium", 
                "Growth_arrest"
            ], 
            "pattern": "0110", 
            "states": [
                {
                    "is_steady": true, 
                    "prop": "!AKT&!ATM_high&ATM_medium&!Apoptosis_high&Apoptosis_medium&!CDC25A&!CHEK1_2_high&CHEK1_2_medium&!CyclinA&!CyclinD1&!CyclinE1&DNA_damage&!E2F1_high&!E2F1_medium&!E2F3_high&!E2F3_medium&!EGFR&!EGFR_stimulus&!FGFR3&!FGFR3_stimulus&!GRB2&Growth_arrest&!Growth_inhibitors&!MDM2&!PI3K&PTEN&!Proliferation&!RAS&!SPRY&TP53&!p14ARF&!p16INK4a&p21CIP", 
                    "dict": {
                        "E2F1_medium": 0, 
                        "EGFR": 0, 
                        "E2F3_high": 0, 
                        "AKT": 0, 
                        "ATM_medium": 1, 
                        "CyclinE1": 0, 
                        "p14ARF": 0, 
                        "CyclinA": 0, 
                        "DNA_damage": 1, 
                        "PTEN": 1, 
                        "Apoptosis_medium": 1, 
                        "PI3K": 0, 
                        "RAS": 0, 
                        "CHEK1_2_medium": 1, 
                        "Growth_inhibitors": 0, 
                        "p21CIP": 1, 
                        "Apoptosis_high": 0, 
                        "CDC25A": 0, 
                        "Proliferation": 0, 
                        "CHEK1_2_high": 0, 
                        "ATM_high": 0, 
                        "CyclinD1": 0, 
                        "MDM2": 0, 
                        "FGFR3": 0, 
                        "p16INK4a": 0, 
                        "TP53": 1, 
                        "FGFR3_stimulus": 0, 
                        "SPRY": 0, 
                        "E2F3_medium": 0, 
                        "GRB2": 0, 
                        "E2F1_high": 0, 
                        "EGFR_stimulus": 0, 
                        "Growth_arrest": 1
                    }, 
                    "str": "001010010001000000000100010001001", 
                    "mintrapspace": {
                        "dict": {
                            "E2F1_medium": 0, 
                            "EGFR": 0, 
                            "E2F3_high": 0, 
                            "AKT": 0, 
                            "ATM_medium": 1, 
                            "CyclinE1": 0, 
                            "MDM2": 0, 
                            "CyclinA": 0, 
                            "DNA_damage": 1, 
                            "E2F3_medium": 0, 
                            "Apoptosis_medium": 1, 
                            "PI3K": 0, 
                            "RAS": 0, 
                            "CHEK1_2_medium": 1, 
                            "E2F1_high": 0, 
                            "p21CIP": 1, 
                            "Apoptosis_high": 0, 
                            "CDC25A": 0, 
                            "Proliferation": 0, 
                            "CHEK1_2_high": 0, 
                            "ATM_high": 0, 
                            "CyclinD1": 0, 
                            "p14ARF": 0, 
                            "FGFR3": 0, 
                            "p16INK4a": 0, 
                            "TP53": 1, 
                            "FGFR3_stimulus": 0, 
                            "SPRY": 0, 
                            "PTEN": 1, 
                            "GRB2": 0, 
                            "Growth_inhibitors": 0, 
                            "EGFR_stimulus": 0, 
                            "Growth_arrest": 1
                        }, 
                        "str": "001010010001000000000100010001001", 
                        "prop": "!AKT&!ATM_high&ATM_medium&!Apoptosis_high&Apoptosis_medium&!CDC25A&!CHEK1_2_high&CHEK1_2_medium&!CyclinA&!CyclinD1&!CyclinE1&DNA_damage&!E2F1_high&!E2F1_medium&!E2F3_high&!E2F3_medium&!EGFR&!EGFR_stimulus&!FGFR3&!FGFR3_stimulus&!GRB2&Growth_arrest&!Growth_inhibitors&!MDM2&!PI3K&PTEN&!Proliferation&!RAS&!SPRY&TP53&!p14ARF&!p16INK4a&p21CIP"
                    }, 
                    "is_cyclic": false
                }, 
                {
                    "is_steady": true, 
                    "prop": "!AKT&!ATM_high&ATM_medium&!Apoptosis_high&Apoptosis_medium&!CDC25A&!CHEK1_2_high&CHEK1_2_medium&!CyclinA&!CyclinD1&!CyclinE1&DNA_damage&!E2F1_high&!E2F1_medium&!E2F3_high&!E2F3_medium&!EGFR&!EGFR_stimulus&!FGFR3&!FGFR3_stimulus&!GRB2&Growth_arrest&Growth_inhibitors&!MDM2&!PI3K&PTEN&!Proliferation&!RAS&!SPRY&TP53&!p14ARF&p16INK4a&p21CIP", 
                    "dict": {
                        "E2F1_medium": 0, 
                        "EGFR": 0, 
                        "E2F3_high": 0, 
                        "AKT": 0, 
                        "ATM_medium": 1, 
                        "CyclinE1": 0, 
                        "p14ARF": 0, 
                        "CyclinA": 0, 
                        "DNA_damage": 1, 
                        "PTEN": 1, 
                        "Apoptosis_medium": 1, 
                        "PI3K": 0, 
                        "RAS": 0, 
                        "CHEK1_2_medium": 1, 
                        "Growth_inhibitors": 1, 
                        "p21CIP": 1, 
                        "Apoptosis_high": 0, 
                        "CDC25A": 0, 
                        "Proliferation": 0, 
                        "CHEK1_2_high": 0, 
                        "ATM_high": 0, 
                        "CyclinD1": 0, 
                        "MDM2": 0, 
                        "FGFR3": 0, 
                        "p16INK4a": 1, 
                        "TP53": 1, 
                        "FGFR3_stimulus": 0, 
                        "SPRY": 0, 
                        "E2F3_medium": 0, 
                        "GRB2": 0, 
                        "E2F1_high": 0, 
                        "EGFR_stimulus": 0, 
                        "Growth_arrest": 1
                    }, 
                    "str": "001010010001000000000110010001011", 
                    "mintrapspace": {
                        "dict": {
                            "E2F1_medium": 0, 
                            "EGFR": 0, 
                            "E2F3_high": 0, 
                            "AKT": 0, 
                            "ATM_medium": 1, 
                            "CyclinE1": 0, 
                            "MDM2": 0, 
                            "CyclinA": 0, 
                            "DNA_damage": 1, 
                            "E2F3_medium": 0, 
                            "Apoptosis_medium": 1, 
                            "PI3K": 0, 
                            "RAS": 0, 
                            "CHEK1_2_medium": 1, 
                            "E2F1_high": 0, 
                            "p21CIP": 1, 
                            "Apoptosis_high": 0, 
                            "CDC25A": 0, 
                            "Proliferation": 0, 
                            "CHEK1_2_high": 0, 
                            "ATM_high": 0, 
                            "CyclinD1": 0, 
                            "p14ARF": 0, 
                            "FGFR3": 0, 
                            "p16INK4a": 1, 
                            "TP53": 1, 
                            "FGFR3_stimulus": 0, 
                            "SPRY": 0, 
                            "PTEN": 1, 
                            "GRB2": 0, 
                            "Growth_inhibitors": 1, 
                            "EGFR_stimulus": 0, 
                            "Growth_arrest": 1
                        }, 
                        "str": "001010010001000000000110010001011", 
                        "prop": "!AKT&!ATM_high&ATM_medium&!Apoptosis_high&Apoptosis_medium&!CDC25A&!CHEK1_2_high&CHEK1_2_medium&!CyclinA&!CyclinD1&!CyclinE1&DNA_damage&!E2F1_high&!E2F1_medium&!E2F3_high&!E2F3_medium&!EGFR&!EGFR_stimulus&!FGFR3&!FGFR3_stimulus&!GRB2&Growth_arrest&Growth_inhibitors&!MDM2&!PI3K&PTEN&!Proliferation&!RAS&!SPRY&TP53&!p14ARF&p16INK4a&p21CIP"
                    }, 
                    "is_cyclic": false
                }
            ], 
            "inhibited_markers": [
                "Apoptosis_high", 
                "Proliferation"
            ]
        }, 
        {
            "stateformula": "(!AKT&ATM_high&ATM_medium&!Apoptosis_high&!Apoptosis_medium&!CDC25A&CHEK1_2_high&CHEK1_2_medium&!CyclinA&CyclinD1&CyclinE1&DNA_damage&!E2F1_high&E2F1_medium&!E2F3_high&E2F3_medium&!EGFR&EGFR_stimulus&!FGFR3&!FGFR3_stimulus&GRB2&!Growth_arrest&!Growth_inhibitors&!MDM2&!PI3K&!PTEN&Proliferation&RAS&!SPRY&TP53&!p14ARF&!p16INK4a&!p21CIP | !AKT&!ATM_high&ATM_medium&!Apoptosis_high&Apoptosis_medium&CDC25A&!CHEK1_2_high&!CHEK1_2_medium&!CyclinA&!CyclinD1&!CyclinE1&DNA_damage&!E2F1_high&E2F1_medium&!E2F3_high&E2F3_medium&EGFR&EGFR_stimulus&!FGFR3&!FGFR3_stimulus&GRB2&Growth_arrest&Growth_inhibitors&!MDM2&!PI3K&PTEN&!Proliferation&RAS&SPRY&TP53&p14ARF&p16INK4a&p21CIP)", 
            "oscillating_markers": [
                "Apoptosis_high", 
                "Apoptosis_medium", 
                "Growth_arrest", 
                "Proliferation"
            ], 
            "name": "Pheno F", 
            "activated_markers": [], 
            "pattern": "----", 
            "states": [
                {
                    "is_steady": false, 
                    "prop": "!AKT&ATM_high&ATM_medium&!Apoptosis_high&!Apoptosis_medium&!CDC25A&CHEK1_2_high&CHEK1_2_medium&!CyclinA&CyclinD1&CyclinE1&DNA_damage&!E2F1_high&E2F1_medium&!E2F3_high&E2F3_medium&!EGFR&EGFR_stimulus&!FGFR3&!FGFR3_stimulus&GRB2&!Growth_arrest&!Growth_inhibitors&!MDM2&!PI3K&!PTEN&Proliferation&RAS&!SPRY&TP53&!p14ARF&!p16INK4a&!p21CIP", 
                    "dict": {
                        "E2F1_medium": 1, 
                        "EGFR": 0, 
                        "E2F3_high": 0, 
                        "AKT": 0, 
                        "ATM_medium": 1, 
                        "CyclinE1": 1, 
                        "p14ARF": 0, 
                        "CyclinA": 0, 
                        "DNA_damage": 1, 
                        "PTEN": 0, 
                        "Apoptosis_medium": 0, 
                        "p21CIP": 0, 
                        "RAS": 1, 
                        "CHEK1_2_medium": 1, 
                        "Growth_inhibitors": 0, 
                        "PI3K": 0, 
                        "Apoptosis_high": 0, 
                        "CDC25A": 0, 
                        "Proliferation": 1, 
                        "CHEK1_2_high": 1, 
                        "ATM_high": 1, 
                        "CyclinD1": 1, 
                        "MDM2": 0, 
                        "FGFR3": 0, 
                        "p16INK4a": 0, 
                        "TP53": 1, 
                        "FGFR3_stimulus": 0, 
                        "SPRY": 0, 
                        "E2F3_medium": 1, 
                        "GRB2": 1, 
                        "E2F1_high": 0, 
                        "EGFR_stimulus": 1, 
                        "Growth_arrest": 0
                    }, 
                    "str": "011000110111010101001000001101000", 
                    "mintrapspace": {
                        "dict": {
                            "p16INK4a": 0, 
                            "DNA_damage": 1, 
                            "Growth_inhibitors": 0, 
                            "FGFR3_stimulus": 0, 
                            "EGFR_stimulus": 1, 
                            "FGFR3": 0
                        }, 
                        "str": "-----------1-----100--0--------0-", 
                        "prop": "DNA_damage&EGFR_stimulus&!FGFR3&!FGFR3_stimulus&!Growth_inhibitors&!p16INK4a"
                    }, 
                    "is_cyclic": true
                }, 
                {
                    "is_steady": false, 
                    "prop": "!AKT&!ATM_high&ATM_medium&!Apoptosis_high&Apoptosis_medium&CDC25A&!CHEK1_2_high&!CHEK1_2_medium&!CyclinA&!CyclinD1&!CyclinE1&DNA_damage&!E2F1_high&E2F1_medium&!E2F3_high&E2F3_medium&EGFR&EGFR_stimulus&!FGFR3&!FGFR3_stimulus&GRB2&Growth_arrest&Growth_inhibitors&!MDM2&!PI3K&PTEN&!Proliferation&RAS&SPRY&TP53&p14ARF&p16INK4a&p21CIP", 
                    "dict": {
                        "E2F1_medium": 1, 
                        "EGFR": 1, 
                        "E2F3_high": 0, 
                        "AKT": 0, 
                        "ATM_medium": 1, 
                        "CyclinE1": 0, 
                        "p14ARF": 1, 
                        "CyclinA": 0, 
                        "DNA_damage": 1, 
                        "PTEN": 1, 
                        "Apoptosis_medium": 1, 
                        "p21CIP": 1, 
                        "RAS": 1, 
                        "CHEK1_2_medium": 0, 
                        "Growth_inhibitors": 1, 
                        "PI3K": 0, 
                        "Apoptosis_high": 0, 
                        "CDC25A": 1, 
                        "Proliferation": 0, 
                        "CHEK1_2_high": 0, 
                        "ATM_high": 0, 
                        "CyclinD1": 0, 
                        "MDM2": 0, 
                        "FGFR3": 0, 
                        "p16INK4a": 1, 
                        "TP53": 1, 
                        "FGFR3_stimulus": 0, 
                        "SPRY": 1, 
                        "E2F3_medium": 1, 
                        "GRB2": 1, 
                        "E2F1_high": 0, 
                        "EGFR_stimulus": 1, 
                        "Growth_arrest": 1
                    }, 
                    "str": "001011000001010111001110010111111", 
                    "mintrapspace": {
                        "dict": {
                            "p16INK4a": 1, 
                            "DNA_damage": 1, 
                            "Growth_inhibitors": 1, 
                            "FGFR3_stimulus": 0, 
                            "EGFR_stimulus": 1, 
                            "CyclinD1": 0, 
                            "FGFR3": 0
                        }, 
                        "str": "---------0-1-----100--1--------1-", 
                        "prop": "!CyclinD1&DNA_damage&EGFR_stimulus&!FGFR3&!FGFR3_stimulus&Growth_inhibitors&p16INK4a"
                    }, 
                    "is_cyclic": true
                }
            ], 
            "inhibited_markers": []
        }, 
        {
            "stateformula": "(AKT&!ATM_high&!ATM_medium&!Apoptosis_high&!Apoptosis_medium&CDC25A&!CHEK1_2_high&!CHEK1_2_medium&CyclinA&!CyclinD1&CyclinE1&!DNA_damage&!E2F1_high&E2F1_medium&!E2F3_high&E2F3_medium&!EGFR&EGFR_stimulus&!FGFR3&!FGFR3_stimulus&!GRB2&!Growth_arrest&Growth_inhibitors&!MDM2&PI3K&!PTEN&Proliferation&RAS&SPRY&!TP53&p14ARF&p16INK4a&!p21CIP)", 
            "oscillating_markers": [
                "Growth_arrest", 
                "Proliferation"
            ], 
            "name": "Pheno G", 
            "activated_markers": [], 
            "pattern": "--00", 
            "states": [
                {
                    "is_steady": false, 
                    "prop": "AKT&!ATM_high&!ATM_medium&!Apoptosis_high&!Apoptosis_medium&CDC25A&!CHEK1_2_high&!CHEK1_2_medium&CyclinA&!CyclinD1&CyclinE1&!DNA_damage&!E2F1_high&E2F1_medium&!E2F3_high&E2F3_medium&!EGFR&EGFR_stimulus&!FGFR3&!FGFR3_stimulus&!GRB2&!Growth_arrest&Growth_inhibitors&!MDM2&PI3K&!PTEN&Proliferation&RAS&SPRY&!TP53&p14ARF&p16INK4a&!p21CIP", 
                    "dict": {
                        "E2F1_medium": 1, 
                        "EGFR": 0, 
                        "E2F3_high": 0, 
                        "AKT": 1, 
                        "ATM_medium": 0, 
                        "CyclinE1": 1, 
                        "p14ARF": 1, 
                        "CyclinA": 1, 
                        "DNA_damage": 0, 
                        "PTEN": 0, 
                        "Apoptosis_medium": 0, 
                        "p21CIP": 0, 
                        "RAS": 1, 
                        "CHEK1_2_medium": 0, 
                        "Growth_inhibitors": 1, 
                        "PI3K": 1, 
                        "Apoptosis_high": 0, 
                        "CDC25A": 1, 
                        "Proliferation": 1, 
                        "CHEK1_2_high": 0, 
                        "ATM_high": 0, 
                        "CyclinD1": 0, 
                        "MDM2": 0, 
                        "FGFR3": 0, 
                        "p16INK4a": 1, 
                        "TP53": 0, 
                        "FGFR3_stimulus": 0, 
                        "SPRY": 1, 
                        "E2F3_medium": 1, 
                        "GRB2": 0, 
                        "E2F1_high": 0, 
                        "EGFR_stimulus": 1, 
                        "Growth_arrest": 0
                    }, 
                    "str": "100001001010010101000010101110110", 
                    "mintrapspace": {
                        "dict": {
                            "Apoptosis_high": 0, 
                            "E2F3_high": 0, 
                            "CHEK1_2_high": 0, 
                            "ATM_high": 0, 
                            "ATM_medium": 0, 
                            "CyclinD1": 0, 
                            "FGFR3": 0, 
                            "p16INK4a": 1, 
                            "DNA_damage": 0, 
                            "TP53": 0, 
                            "FGFR3_stimulus": 0, 
                            "Apoptosis_medium": 0, 
                            "PTEN": 0, 
                            "Growth_inhibitors": 1, 
                            "EGFR_stimulus": 1, 
                            "CHEK1_2_medium": 0, 
                            "E2F1_high": 0
                        }, 
                        "str": "-0000-00-0-00-0--100--1--0---0-1-", 
                        "prop": "!ATM_high&!ATM_medium&!Apoptosis_high&!Apoptosis_medium&!CHEK1_2_high&!CHEK1_2_medium&!CyclinD1&!DNA_damage&!E2F1_high&!E2F3_high&EGFR_stimulus&!FGFR3&!FGFR3_stimulus&Growth_inhibitors&!PTEN&!TP53&p16INK4a"
                    }, 
                    "is_cyclic": true
                }
            ], 
            "inhibited_markers": [
                "Apoptosis_high", 
                "Apoptosis_medium"
            ]
        }
    ]
}